unit_id,unit_onboard_date,unit_name,property_id,unit_number_room,unit_swimming_pool,unit_capacity
UN0001,2018-07-02,Omah Cening,Omah Cening,1,3,6
UN0002,2018-07-02,PinkCoco Gili Air - Suite Del Mar,PinkCoco Gili Air,,2,2
UN0003,2018-07-02,PinkCoco Gili Air - Limas,PinkCoco Gili Air,,2,2
UN0004,2018-07-02,PinkCoco Gili Air - Gladak,PinkCoco Gili Air,,2,2
UN0005,2018-07-02,PinkCoco Gili Air - Grande,PinkCoco Gili Air,,2,2
UN0006,2018-07-02,PinkCoco Gili Air - Cocoon,PinkCoco Gili Air,,2,2
UN0007,2018-07-02,PinkCoco GT - Grand Deluxe Room,PinkCoco Gili Trawangan,,2,2
UN0008,2018-07-02,PinkCoco GT - Deluxe Room,PinkCoco Gili Trawangan,,2,2
UN0009,2018-07-02,PinkCoco Bali - Penthouse,PinkCoco Bali,,2,2
UN0010,2018-07-02,PinkCoco Bali - Panoramic,PinkCoco Bali,,2,2
UN0011,2018-07-02,PinkCoco Bali - Garden,PinkCoco Bali,,2,2
UN0012,2018-07-02,PinkCoco Bali - Deluxe Room,PinkCoco Bali,,2,2
UN0013,2018-07-02,PinkCoco Bali - Courtyard,PinkCoco Bali,,2,2
UN0014,2018-07-02,Villa Lulu,Villa Lulu,,1,2
UN0015,2018-06-24,Griya Langen - 6BR,Griya Langen,6,3,16
UN0016,2018-06-24,Watusaman - Ground Floor 5BR,Watusaman,5,2,12
UN0017,2018-06-22,Homestay Tembi - Family Room Bugis,Homestay Tembi,1,3,4
UN0018,2018-06-22,Homestay Tembi - Family Room Suyawijaya,Homestay Tembi,1,3,4
UN0019,2018-06-22,Homestay Tembi - Family Room Prawiratama,Homestay Tembi,1,3,4
UN0020,2018-06-22,Homestay Tembi - Family Room Sadewa,Homestay Tembi,1,3,4
UN0021,2018-06-22,Homestay Tembi - Standard Room Jogokarya,Homestay Tembi,1,3,2
UN0022,2018-06-22,Homestay Tembi - Standard Room Mangkuyuda,Homestay Tembi,1,3,2
UN0023,2018-06-22,Homestay Tembi - Standard Room Brahmana,Homestay Tembi,1,3,2
UN0024,2018-06-22,Wisma Eyang Sosro - 3BR,Wisma Eyang Sosro,3,3,6
UN0025,2018-06-22,Rajaklana - Luxury Stone House,Rajaklana,1,2,2
UN0026,2018-06-12,Double D - 1,Double D Guest House,1,,
UN0027,2018-06-12,Double D - 2,Double D Guest House,1,,
UN0028,2018-06-12,Double D - 3,Double D Guest House,1,,
UN0029,2018-06-12,Double D - 4,Double D Guest House,1,,
UN0030,2018-06-12,Double D - 4br,Double D Guest House,4,,
UN0031,2018-06-05,Joglo Agung Standard Room,Joglo Agung,1,,
UN0032,2018-06-05,Joglo Agung Family Room A,Joglo Agung,1,,
UN0033,2018-06-03,Coffee Network Villa,Coffee Network,1,,
UN0034,2018-06-03,The Miracle Villas,The Miracle Villas,2,,
UN0035,2018-06-03,Villa Shiva - Serenity,Villa Shiva,2,,
UN0036,2018-06-03,Villa Shiva - Bali,Villa Shiva,2,,
UN0037,2018-05-31,D'Java Citra Ayu,D'Java Citra Ayu,3,,
UN0038,2018-05-31,D'Java Omah Sambilegi,D'Java Omah Sambilegi,,,
UN0039,2018-05-02,GK Gamat Garden-1,GK Gamat Garden,1,,
UN0040,2018-05-02,GK Gamat Garden-2,GK Gamat Garden,1,,
UN0041,2018-05-02,GK Gamat Garden-3,GK Gamat Garden,1,,
UN0042,2018-05-02,GK Gamat Garden-4,GK Gamat Garden,1,,
UN0043,2018-05-02,GK Gamat Garden,GK Gamat Garden,1,,
UN0044,2018-05-02,Batan Sabo - 1,Batan Sabo,1,,
UN0045,2018-05-02,Batan Sabo - 2,Batan Sabo,1,,
UN0046,2018-05-02,Batan Sabo - 3,Batan Sabo,1,,
UN0047,2018-05-02,Batan Sabo - 4,Batan Sabo,1,,
UN0048,2018-05-02,Batan Sabo - 5,Batan Sabo,1,,
UN0049,2018-05-02,Batan Sabo - 6,Batan Sabo,1,,
UN0050,2018-05-02,Ayu Laba - Room Bawah #1,Ayu Laba,1,,
UN0051,2018-05-02,Ayu Laba - Room Bawah Twin #2,Ayu Laba,1,,
UN0052,2018-05-02,Ayu Laba - Room Bawah #3,Ayu Laba,1,,
UN0053,2018-05-02,Ayu Laba - Room Bawah #4,Ayu Laba,1,,
UN0054,2018-05-02,Ayu Laba - Room Bawah twin #5,Ayu Laba,1,,
UN0055,2018-05-02,Ayu Laba - Room Bawah #6,Ayu Laba,1,,
UN0056,2018-05-02,Ayu Laba - Lumbung Atas #7,Ayu Laba,1,,
UN0057,2018-05-02,Ayu Laba - Lumbung Atas #8,Ayu Laba,1,,
UN0058,2018-05-02,Ayu Laba - Lumbung Atas #9,Ayu Laba,1,,
UN0059,2018-05-02,Ayu Laba - Lumbung Atas #10,Ayu Laba,1,,
UN0060,2018-05-02,Ayu Laba - Rumah Kayu  Bawah  #11,Ayu Laba,1,,
UN0061,2018-05-02,Ayu Laba - Rumah Kayu  #12,Ayu Laba,1,,
UN0062,2018-05-02,Ayu Laba - Rumah Kayu,Ayu Laba,1,,
UN0063,,2l Redsalt Two Lumbungs,Redsalt,2,,
UN0064,,808 Residence,808 Residence,1,,
UN0065,,8BR Kakol (the whole villa),Kakol Guesthouse,8,,
UN0066,,Agung Homestay - 1,Agung Homestay,1,,
UN0067,,Agung Homestay - 2,Agung Homestay,1,,
UN0068,,Agung Homestay - 3,Agung Homestay,1,,
UN0069,,Ambalama - GV 1,Villa Ambalama,1,,
UN0070,,Ambalama - GV 2,Villa Ambalama,1,,
UN0071,,Ambalama - GV 3,Villa Ambalama,1,,
UN0072,,Ambalama - GV 4,Villa Ambalama,1,,
UN0073,,Ambalama - LG 7,Villa Ambalama,1,,
UN0074,,Ambalama - MV 5,Villa Ambalama,1,,
UN0075,,Ambalama - MV 6,Villa Ambalama,1,,
UN0076,,Amelle Exc - 1,Villa Amelle,1,,
UN0077,,Amelle Exc - 2,Villa Amelle,1,,
UN0078,,Amelle Res - 1,Villa Amelle,1,,
UN0079,,Amelle Res - 2,Villa Amelle,1,,
UN0080,,Amelle Res - 3,Villa Amelle,1,,
UN0081,,Amelle Res - 4,Villa Amelle,1,,
UN0082,,Amelle Res - 5,Villa Amelle,1,,
UN0083,,Amelle Res - 6,Villa Amelle,1,,
UN0084,,Amelle Res - 7,Villa Amelle,1,,
UN0085,,Amelle Suite - 1,Villa Amelle,1,,
UN0086,,Amelle Suite - 2,Villa Amelle,1,,
UN0087,,Amelle Suite - 3,Villa Amelle,1,,
UN0088,,Amelle Suite - 4,Villa Amelle,1,,
UN0089,,Amelle Suite - 5,Villa Amelle,1,,
UN0090,,Amelle Villa 1 BR - 1,Villa Amelle,1,,
UN0091,,Amelle Villa 1 BR - 2,Villa Amelle,1,,
UN0092,,Amelle Villa 2 BR - 1,Villa Amelle,2,,
UN0093,,Amelle Villa 2 BR - 2,Villa Amelle,2,,
UN0094,,Amelle Villa 2 BR - 3,Villa Amelle,2,,
UN0095,,Amelle Villa 2 BR - 4,Villa Amelle,2,,
UN0096,,Arca Apartment,?,1,,
UN0097,,Arca Bungalow - Standard,?,1,,
UN0098,,Arca Bungalow - Suite,?,1,,
UN0099,,Arindra 4BR (the whole villa),Villa Arindra,4,,
UN0100,,Armaya Homestay - 1,Armaya Homestay,1,,
UN0101,,Armaya Homestay - 2,Armaya Homestay,1,,
UN0102,,Armaya Homestay - 3,Armaya Homestay,1,,
UN0103,,Asri Guest House - 1,Asri Guest House,1,,
UN0104,,Asri Guest House - 2,Asri Guest House,1,,
UN0105,,Asri Guest House - 3,Asri Guest House,1,,
UN0106,,Asri Guest House - 4,Asri Guest House,1,,
UN0107,,Asri Guest House - 5,Asri Guest House,1,,
UN0108,,Asri Guest House - 6,Asri Guest House,1,,
UN0109,,Asri Guest House - 7,Asri Guest House,1,,
UN0110,,Avisara,Avisara Guesthouse,1,,
UN0111,,Bagong Guesthouse,Bagong Guesthouse,1,,
UN0112,,Bagong Guesthouse - 1,Bagong Guesthouse,1,,
UN0113,,Bagong Guesthouse - 2,Bagong Guesthouse,1,,
UN0114,,Bagong Guesthouse - 2BR,Bagong Guesthouse,2,,
UN0115,,Bagong Guesthouse - 3,Bagong Guesthouse,1,,
UN0116,,Bagong Guesthouse - 4,Bagong Guesthouse,1,,
UN0117,,Bagong Guesthouse - 5,Bagong Guesthouse,1,,
UN0118,,Bagong Guesthouse - 6,Bagong Guesthouse,1,,
UN0119,,Bagong Guesthouse - 6BR,Bagong Guesthouse,16,,
UN0120,,Balangan Cottages - Bungalow 1,Balangan Cottages,1,,
UN0121,,Balangan Cottages - Bungalow 2,Balangan Cottages,1,,
UN0122,,Balangan Sleep Well,Balangan Sleep Well,2,,
UN0123,,Bali Bohemia,Bali Bohemia,1,,
UN0124,,Bali Bohemia - Loft 1,Bali Bohemia,1,,
UN0125,,Bali Mynah - Double 1,Bali Mynah,1,,
UN0126,,Bali Mynah - Double 2,Bali Mynah,1,,
UN0127,,Bali Mynah - Double 3,Bali Mynah,1,,
UN0128,,Bali Mynah - Twin 1,Bali Mynah,1,,
UN0129,,Bali Mynah - Twin 2,Bali Mynah,1,,
UN0130,,Bali Mynah - Twin 3,Bali Mynah,1,,
UN0131,,Bali Mynah New Villa - 1,Bali Mynah,1,,
UN0132,,Bali Mynah New Villa - 2,Bali Mynah,1,,
UN0133,,Bali Mynah Old Villa - 1,Bali Mynah,1,,
UN0134,,Bali Mynah Old Villa - 2,Bali Mynah,1,,
UN0135,,Bali Mynah New Villa - 1 3rd listing,Bali Mynah,1,,
UN0136,,Bangka Suites #24 - VIP,Bangka Suites,1,,
UN0137,,Bangka Suites #5 - Std,Bangka Suites,1,,
UN0138,,Bangka Suites #6 - Std Plus,Bangka Suites,1,,
UN0139,,Basura,Basura,1,,
UN0140,,Batu Jaran Hill - 01 (Kitchen),Batu Jaran Hill,1,,
UN0141,,Batu Jaran Hill - 02,Batu Jaran Hill,1,,
UN0142,,Batu Jaran Hill - 03,Batu Jaran Hill,1,,
UN0143,,Batu Jaran Hill - 04,Batu Jaran Hill,1,,
UN0144,,Batu Jaran Hill - 05 (Kitchen),Batu Jaran Hill,1,,
UN0145,,Batu Jaran Hill - 06,Batu Jaran Hill,1,,
UN0146,,Batu Jaran Hill - 07,Batu Jaran Hill,1,,
UN0147,,Batu Jaran Hill - 08,Batu Jaran Hill,1,,
UN0148,,Batu Jaran Hill - 09,Batu Jaran Hill,1,,
UN0149,,Batu Jaran Hill - 10,Batu Jaran Hill,1,,
UN0150,,Beverly Dago Apartment - Ita,Beverly Dago Apartment,1,,
UN0151,,Bingin Garden,,1,,
UN0152,,Bingin Jepun,The Jepun Bingin,1,,
UN0153,,Bingin Surf Left - 01,Bingin Surf Left,1,,
UN0154,,Bingin Surf Left - 02,Bingin Surf Left,1,,
UN0155,,Bingin Surf Left - 03,Bingin Surf Left,1,,
UN0156,,Bingin Surf Left - 04,Bingin Surf Left,1,,
UN0157,,Bingin Surf Left - 05,Bingin Surf Left,1,,
UN0158,,Bingin Surf Left - 06,Bingin Surf Left,1,,
UN0159,,Bingin Surf Left - 07,Bingin Surf Left,1,,
UN0160,,Bingin Surf Left - 08,Bingin Surf Left,1,,
UN0161,,Bingin Surf Left - 09,Bingin Surf Left,1,,
UN0162,,Bingin Surf Left - 10,Bingin Surf Left,1,,
UN0163,,Bingin Surf Left - 2 bedrooms,Bingin Surf Left,2,,
UN0164,,Bingin Surf Left - 4 bedrooms,Bingin Surf Left,4,,
UN0165,,Bingin Ombak Standard - 1,Bingin Ombak,1,,
UN0166,,BiuBiu Kumala - Villa SO1,Biubiu Kumala S01,4,,
UN0167,,Blue Garden - 1 (twin),Blue Garden,1,,
UN0168,,Blue Garden - 2 (Double),Blue Garden,1,,
UN0169,,Blue Garden - 3 - (Double),Blue Garden,1,,
UN0170,,Blue Garden - 4 - (Double),Blue Garden,1,,
UN0171,,Blue Garden - 5 - (Double),Blue Garden,1,,
UN0172,,Blue Garden - 6 - (Double),Blue Garden,1,,
UN0173,,Bobby's Guesthouse - 1 (Temples),Bobby's Place,1,,
UN0174,,Bobby's Guesthouse - 2 (Secrets),Bobby's Place,1,,
UN0175,,Bobby's Guesthouse - 3 twin (The Bombie),Bobby's Place,1,,
UN0176,,Bobby's Guesthouse - 4 twin (The Peak),Bobby's Place,1,,
UN0177,,Bobby's Guesthouse - 5 Family (Race Tracks),Bobby's Place,1,,
UN0178,,Bobby's Guesthouse - 5 (Family) 2nd listing,Bobby's Place,1,,
UN0179,,Bobby's Guesthouse - All rooms,Bobby's Place,1,,
UN0180,,Brad's Villa,Brad's Villa,3,,
UN0181,,Breezy Point,,3,,
UN0182,,Buana - 101,Buana Homestay,1,,
UN0183,,Buana - 102,Buana Homestay,1,,
UN0184,,Buana - 103,Buana Homestay,1,,
UN0185,,Buana - 104,Buana Homestay,1,,
UN0186,,Buana - 105 (twin),Buana Homestay,1,,
UN0187,,Buana - 106,Buana Homestay,1,,
UN0188,,Buana - 107,Buana Homestay,1,,
UN0189,,Buana - 201,Buana Homestay,1,,
UN0190,,Buana - 202,Buana Homestay,1,,
UN0191,,Buana - 203,Buana Homestay,1,,
UN0192,,Buana - 204,Buana Homestay,1,,
UN0193,,Buana - 205,Buana Homestay,1,,
UN0194,,Buana - 206,Buana Homestay,1,,
UN0195,,Buana - 207,Buana Homestay,1,,
UN0196,,Buana - 208,Buana Homestay,1,,
UN0197,,Canggu Beach Apartment,,1,,
UN0198,,Canggu Suite - 1,Canggu Suite,1,,
UN0199,,Canggu Suite - 10,Canggu Suite,1,,
UN0200,,Canggu Suite - 11,Canggu Suite,1,,
UN0201,,Canggu Suite - 12,Canggu Suite,1,,
UN0202,,Canggu Suite - 2,Canggu Suite,1,,
UN0203,,Canggu Suite - 3,Canggu Suite,1,,
UN0204,,Canggu Suite - 4,Canggu Suite,1,,
UN0205,,Canggu Suite - 5,Canggu Suite,1,,
UN0206,,Canggu Suite - 6,Canggu Suite,1,,
UN0207,,Canggu Suite - 7,Canggu Suite,1,,
UN0208,,Canggu Suite - 8,Canggu Suite,1,,
UN0209,,Canggu Suite - 9,Canggu Suite,1,,
UN0210,,Casa Grande Residence - 1BR - 0701,Casa Grande Residence,1,,
UN0211,,Casa Grande Residence - 2BR - 0309,Casa Grande Residence,2,,
UN0212,,Villa Casa Putih,Villa Casa Putih,4,,
UN0213,,Casa Bianca,Casa Bianca,3,,
UN0214,,Cemara Indah - Deluxe 1,Cemara Indah,1,,
UN0215,,Cemara Indah - Deluxe 2,Cemara Indah,1,,
UN0216,,Cemara Indah - Superior 1,Cemara Indah,1,,
UN0217,,Cemara Indah - Superior 2,Cemara Indah,1,,
UN0218,,Citra Sun Garden C2 no 2,Citra Sun Garden,4,,
UN0219,,Comeback - 01 (Twin Sekat),Come Back Guesthouse,1,,
UN0220,,Comeback - 02 (Double),Come Back Guesthouse,1,,
UN0221,,Comeback - 03 (Twin Sekat),Come Back Guesthouse,1,,
UN0222,,Comeback - 04 (Twin),Come Back Guesthouse,1,,
UN0223,,Comeback - 05 (Twin Sekat),Come Back Guesthouse,1,,
UN0224,,Comeback - 06 (Twin),Come Back Guesthouse,1,,
UN0225,,Comeback - 07 (Double),Come Back Guesthouse,1,,
UN0226,,Comeback - 08 (Double),Come Back Guesthouse,1,,
UN0227,,Comeback - 09 (Double),Come Back Guesthouse,1,,
UN0228,,Comeback - 10 (Twin Sekat),Come Back Guesthouse,1,,
UN0229,,Comeback - 8BR,Come Back Guesthouse,8,,
UN0230,,Comeback - 2BR,Come Back Guesthouse,2,,
UN0231,,D'Java Lempuyangan,D'Java Lempuyangan,3,,
UN0232,,D'Java,D'Java Guest House,,,
UN0233,,D'Java Babarsari,D'Java Babarsari,3,,
UN0234,,D'Java Gemilang,D'Java Gemilang,4,,
UN0235,,D'Java Monjali,D'Java Monjali,4,,
UN0236,,D'Padang - 01,D'Padang,1,,
UN0237,,D'Padang - 02,D'Padang,1,,
UN0238,,D'Padang - 03,D'Padang,1,,
UN0239,,D'Padang - 04,D'Padang,1,,
UN0240,,D'Padang - 05,D'Padang,1,,
UN0241,,D'Padang - 06,D'Padang,1,,
UN0242,,D'Padang - 07,D'Padang,1,,
UN0243,,D'Padang - 08,D'Padang,1,,
UN0244,,D'Padang - 09,D'Padang,1,,
UN0245,,D'Padang - 10,D'Padang,1,,
UN0246,,D'Padang - 2BR,D'Padang,2,,
UN0247,,D'Padang - 3BR,D'Padang,3,,
UN0248,,D'Padang Wood Bungalow - 1,D'Padang,1,,
UN0249,,D'Padang Wood Bungalow - 2,D'Padang,1,,
UN0250,,D'Padang Wood Bungalow - 3,D'Padang,1,,
UN0251,,D'Padang Wood Bungalow - 4,D'Padang,1,,
UN0252,,D'Padang Wood Bungalow - 5,D'Padang,1,,
UN0253,,D'Padang Wood Bungalow - 6,D'Padang,1,,
UN0254,,DD Ubud Villas,DD Ubud Villas,1,,
UN0255,,Denpasar Residence - 2BR - 28ABH,Denpasar Residence,2,,
UN0256,,De Kutuh Villa #1,De Kutuh Villa,3,,
UN0257,,De Kutuh Villa #2,De Kutuh Villa,3,,
UN0258,,De Kutuh Villa #3,De Kutuh Villa,4,,
UN0259,,De Kutuh Villa #4,De Kutuh Villa,3,,
UN0260,,De Kutuh Villa #5,De Kutuh Villa,3,,
UN0261,,Dhuna Guesthouse - 1,Dhuna Homestay,1,,
UN0262,,Dhuna Guesthouse - 2,Dhuna Homestay,1,,
UN0263,,Dinar Hills - A (Suite),Dinar Hills Villa,1,,
UN0264,,Dinar Hills - B (Standard),Dinar Hills Villa,1,,
UN0265,,Dinar Hills - C (Standard),Dinar Hills Villa,1,,
UN0266,,Dinar Hills - D (Suite),Dinar Hills Villa,1,,
UN0267,,Dinar Hills - E,Dinar Hills Villa,1,,
UN0268,,Dreamview Villa,Dreamview Villa,3,,
UN0269,,Elements Hostel,Elements Social House,1,,
UN0270,,Elements Hostel - 6 beds,Elements Social House,6,,
UN0271,,Elements Hostel - 8 beds,Elements Social House,8,,
UN0272,,Emerald Villas,Emerald Villas,3,,
UN0273,,Family Circus - Cabin 1,Family Circus,1,,
UN0274,,Family Circus - Cabin 2,Family Circus,1,,
UN0275,,Full Moon - 1,Full Moon Guesthouse,1,,
UN0276,,Full Moon - 10,Full Moon Guesthouse,1,,
UN0277,,Full Moon - 2,Full Moon Guesthouse,1,,
UN0278,,Full Moon - 3,Full Moon Guesthouse,1,,
UN0279,,Full Moon - 4,Full Moon Guesthouse,1,,
UN0280,,Full Moon - 5,Full Moon Guesthouse,1,,
UN0281,,Full Moon - 6,Full Moon Guesthouse,1,,
UN0282,,Full Moon - 7,Full Moon Guesthouse,1,,
UN0283,,Full Moon - 8,Full Moon Guesthouse,1,,
UN0284,,Full Moon - 8BR,Full Moon Guesthouse,8,,
UN0285,,Full Moon - 9,Full Moon Guesthouse,1,,
UN0286,,Gandaria Height Apartment - Zizi,Gandaria Height Apartment,1,,
UN0287,,Gangga Guest House - 1,Gangga Guesthouse,1,,
UN0288,,Gangga Guest House - 2,Gangga Guesthouse,1,,
UN0289,,Gangga Guest House - 3,Gangga Guesthouse,1,,
UN0290,,Gangga Guest House - 4,Gangga Guesthouse,1,,
UN0291,,Gangga Guest House - 5,Gangga Guesthouse,1,,
UN0292,,Gangga Guest House - 6,Gangga Guesthouse,1,,
UN0293,,Gangga Guest House - 7,Gangga Guesthouse,1,,
UN0294,,Gangga Guest House - 8,Gangga Guesthouse,1,,
UN0295,,Gatra - 1,Gatra's Ubud Inn,1,,
UN0296,,Gatra - 2,Gatra's Ubud Inn,1,,
UN0297,,Gatra - 3,Gatra's Ubud Inn,1,,
UN0298,,Gatra - 4,Gatra's Ubud Inn,1,,
UN0299,,Gatra - 5,Gatra's Ubud Inn,1,,
UN0300,,Gatra - 6,Gatra's Ubud Inn,1,,
UN0301,,Gatra - 7,Gatra's Ubud Inn,1,,
UN0302,,Gatra - 8,Gatra's Ubud Inn,1,,
UN0303,,Gatra - 9,Gatra's Ubud Inn,1,,
UN0304,,Gili Eco Villas - 1 (2br),Gili Eco & Khumba Villas,2,,
UN0305,,Gili Eco Villas - 2 (2br),Gili Eco & Khumba Villas,2,,
UN0306,,Gili Eco Villas - 3 (2br),Gili Eco & Khumba Villas,2,,
UN0307,,Gili Eco Villas - 5 (3br),Gili Eco & Khumba Villas,3,,
UN0308,,Gili Eco Villas - Bungalow 1 (1br),Gili Eco & Khumba Villas,1,,
UN0309,,Gili Eco Villas - Bungalow 2 (1br),Gili Eco & Khumba Villas,1,,
UN0310,,Gili Teak,Gili Teak,1,,
UN0311,,Gondang Legi Villas - 1,Gondang Legi Villas,1,,
UN0312,,Gondang Legi Villas - 2,Gondang Legi Villas,1,,
UN0313,,Gondang Legi Villas - 3,Gondang Legi Villas,1,,
UN0314,,Gondang Legi Villas - 4,Gondang Legi Villas,1,,
UN0315,,Gondang Legi Villas - 5,Gondang Legi Villas,1,,
UN0316,,Gondang Legi Villas - 6,Gondang Legi Villas,1,,
UN0317,,Gondang Legi Villas - 7,Gondang Legi Villas,1,,
UN0318,,Gondang Legi Villas - Family Bungalow,Gondang Legi Villas,3,,
UN0319,,Gravity,Gravity Villa,,,
UN0320,,Griya Langen,Griya Langen,,,
UN0321,,Griya Langen Rooms - Double,Griya Langen,1,,
UN0322,,Griya Langen Rooms - Double - 2,Griya Langen,1,,
UN0323,,Griya Langen Rooms - Twin,Griya Langen,1,,
UN0324,,Halcyon Villa,,3,,
UN0325,,Hazel House - D1,Hazel House,1,,
UN0326,,Hazel House - D2,Hazel House,1,,
UN0327,,Hazel House - F1,Hazel House,1,,
UN0328,,Hazel House - Whole House,Hazel House,1,,
UN0329,,Homestay Tembi - Deluxe Family Joyo Blumbang,Homestay Tembi,1,,
UN0330,,Homestay Tembi - Deluxe Suite Tejakusuma,Homestay Tembi,1,,
UN0331,,Hyarta Residence - c12,Hyarta Residence,3,,
UN0332,,Hyarta Residence - D10,Hyarta Residence,3,,
UN0333,,Jepun Sari - 88 (Twin),Jepun Sari,1,,
UN0334,,Jepun Sari - 89 (Twin),Jepun Sari,1,,
UN0335,,Jepun Sari - 90 (Twin),Jepun Sari,1,,
UN0336,,Jepun Sari - 91 (Double),Jepun Sari,1,,
UN0337,,Jepun Sari - 92 (Double),Jepun Sari,1,,
UN0338,,Jepun Sari - 93 (Double),Jepun Sari,1,,
UN0339,,Jepun Sari - 94 (Double),Jepun Sari,1,,
UN0340,,Jepun Sari - 95 (Double),Jepun Sari,1,,
UN0341,,Jepun Sari - 96 (Suite),Jepun Sari,1,,
UN0342,,Jepun Sari - 97 (Suite),Jepun Sari,1,,
UN0343,,Jepun Sari - 98 (Suite),Jepun Sari,1,,
UN0344,,Jepun Sari - 99 (Double),Jepun Sari,1,,
UN0345,,Jepun Sari - 100 (Bungalow),Jepun Sari,1,,
UN0346,,Jubilee GuestHouse,Jubilee GuestHouse,1,,
UN0347,,Kakol Guesthouse - 1,Kakol Guesthouse,1,,
UN0348,,Kakol Guesthouse - 2,Kakol Guesthouse,1,,
UN0349,,Kakol Guesthouse - 3,Kakol Guesthouse,1,,
UN0350,,Kakol Guesthouse - 4,Kakol Guesthouse,1,,
UN0351,,Kakol Guesthouse - 5,Kakol Guesthouse,1,,
UN0352,,Kakol Guesthouse - 6,Kakol Guesthouse,1,,
UN0353,,Kakol Guesthouse - 7,Kakol Guesthouse,1,,
UN0354,,Kakol Guesthouse - 8,Kakol Guesthouse,1,,
UN0355,,Kampung Jimba - Padang Padang A,Kampung Jimba,1,,
UN0356,,Kampung Jimba - Padang Padang B,Kampung Jimba,1,,
UN0357,,Kampung Jimba - Nias A,Kampung Jimba,1,,
UN0358,,Kampung Jimba - Nias B,Kampung Jimba,1,,
UN0359,,Kampung Jimba - Ulu A,Kampung Jimba,1,,
UN0360,,Kampung Jimba - Ulu B,Kampung Jimba,1,,
UN0361,,Kampung Jimba - Ulu C,Kampung Jimba,1,,
UN0362,,Kampung Jimba - Ulu D,Kampung Jimba,1,,
UN0363,,Kampung Jimba - Mentawai,Kampung Jimba,1,,
UN0364,,Kampung Jimba - Ombak A,Kampung Jimba,1,,
UN0365,,Kampung Jimba - Ombak B,Kampung Jimba,1,,
UN0366,,Kembang Kuning - 01,Kembang Kuning,1,,
UN0367,,Kembang Kuning - 02,Kembang Kuning,1,,
UN0368,,Kembang Kuning - 03,Kembang Kuning,1,,
UN0369,,Kembang Kuning - 04,Kembang Kuning,1,,
UN0370,,Kembang Kuning - 05,Kembang Kuning,1,,
UN0371,,Kembang Kuning - 06,Kembang Kuning,1,,
UN0372,,Kembang Kuning - 07,Kembang Kuning,1,,
UN0373,,Kembang Kuning - 08,Kembang Kuning,1,,
UN0374,,Kembang Kuning - 09,Kembang Kuning,1,,
UN0375,,Kembang Kuning - 10,Kembang Kuning,1,,
UN0376,,Kembang Kuning - 11,Kembang Kuning,1,,
UN0377,,Kembang Kuning - 12,Kembang Kuning,1,,
UN0378,,Kembang Kuning - 13 (Bungalow),Kembang Kuning,1,,
UN0379,,Kembang Kuning -3BR,Kembang Kuning,3,,
UN0380,,Kembang Kuning -4BR,Kembang Kuning,4,,
UN0381,,Kiskenda Cottages,Kiskenda Cottages,1,,
UN0382,,Kubu Nyang Nyang - 1,Kubu Nyang Nyang,1,,
UN0383,,Kubu Nyang Nyang - 2,Kubu Nyang Nyang,1,,
UN0384,,Kubu Nyang Nyang - 3,Kubu Nyang Nyang,1,,
UN0385,,Kubu Nyang Nyang - 4,Kubu Nyang Nyang,1,,
UN0386,,Kubu Nyang Nyang - 5,Kubu Nyang Nyang,1,,
UN0387,,Kubu Nyang Nyang 2 BR,Kubu Nyang Nyang,2,,
UN0388,,Kubu Tropis,Kubu Tropis,1,,
UN0389,,Kukuh House Ubud,Kukuh House,1,,
UN0390,,Kusuma Guest House - 1,Kusuma Guest House,1,,
UN0391,,Kusuma Guest House - 2 ( Family ),Kusuma Guest House,1,,
UN0392,,Kusuma Guest House - 3 ( Family ),Kusuma Guest House,1,,
UN0393,,Kusuma Guest House - 4,Kusuma Guest House,1,,
UN0394,,Kusuma Guest House - 5 ( Family ),Kusuma Guest House,1,,
UN0395,,Kusuma Guest House - 6,Kusuma Guest House,1,,
UN0396,,Kusuma Guest House - 7 ( Family ),Kusuma Guest House,1,,
UN0397,,Kusuma Guest House - 8,Kusuma Guest House,1,,
UN0398,,Kusuma Guest House - 9,Kusuma Guest House,1,,
UN0399,,Kusuma Guest House - 10,Kusuma Guest House,1,,
UN0400,,Kusuma Guest House - 11 ( Family ),Kusuma Guest House,1,,
UN0401,,Kusuma Guest House - 12,Kusuma Guest House,1,,
UN0402,,Kusuma Guest House - 12BR,Kusuma Guest House,12,,
UN0403,,Kusuma Guest House - 2BR,Kusuma Guest House,2,,
UN0404,,Kusuma Guest House - Family 2BR,Kusuma Guest House,2,,
UN0405,,Kusuma GH-DOUBLE,Kusuma Guest House,1,,
UN0406,,Kusuma GH-FAMILY,Kusuma Guest House,1,,
UN0407,,Kutuh Manak - 01,Kutuh Manak,1,,
UN0408,,Kutuh Manak - 02,Kutuh Manak,1,,
UN0409,,Kutuh Manak - 03,Kutuh Manak,1,,
UN0410,,Kutuh Manak - 04,Kutuh Manak,1,,
UN0411,,Kutuh Manak - 05,Kutuh Manak,1,,
UN0412,,Kutuh Manak - 06,Kutuh Manak,1,,
UN0413,,Kutuh Manak - 07,Kutuh Manak,1,,
UN0414,,Kutuh Manak - 08,Kutuh Manak,1,,
UN0415,,Kutuh Manak - 09,Kutuh Manak,1,,
UN0416,,Kutuh Manak - 10,Kutuh Manak,1,,
UN0417,,La Cabane - Ceu,La Cabane,1,,
UN0418,,La Cabane - Family Paz,La Cabane,1,,
UN0419,,La Cabane Dlx #2,La Cabane,1,,
UN0420,,La Cabane Dlx #2 + 1 extra person,La Cabane,1,,
UN0421,,La Cabane Dlx #3,La Cabane,1,,
UN0422,,La Cabane Dlx #3 + 1 extra person,La Cabane,1,,
UN0423,,La Cabane Std #1,La Cabane,1,,
UN0424,,La Cabane Std #4,La Cabane,1,,
UN0425,,LaJoya1 Deluxe Bungalow #10,La Joya 1,1,,
UN0426,,LaJoya1 Deluxe Bungalow #11,La Joya 1,1,,
UN0427,,LaJoya1 Deluxe Bungalow #11 + 1 extra person,La Joya 1,1,,
UN0428,,LaJoya1 Deluxe Bungalow #12,La Joya 1,1,,
UN0429,,LaJoya1 Deluxe Bungalow #12 + 1 extra person,La Joya 1,1,,
UN0430,,LaJoya1 Deluxe Bungalow #14,La Joya 1,1,,
UN0431,,LaJoya1 Deluxe Bungalow #14 + 1 extra person,La Joya 1,1,,
UN0432,,LaJoya1 Deluxe Bungalow #15,La Joya 1,1,,
UN0433,,LaJoya1 Deluxe Bungalow #15 + 1 extra person,La Joya 1,1,,
UN0434,,LaJoya1 Deluxe Bungalow #16,La Joya 1,1,,
UN0435,,LaJoya1 Deluxe Bungalow #16 + 1 extra person,La Joya 1,1,,
UN0436,,LaJoya1 Deluxe Bungalow #17,La Joya 1,1,,
UN0437,,LaJoya1 Deluxe Bungalow #9,La Joya 1,1,,
UN0438,,LaJoya1 Deluxe Bungalow #9 + 1 extra person,La Joya 1,1,,
UN0439,,LaJoya1 Deluxe Room #20,La Joya 1,1,,
UN0440,,LaJoya1 Deluxe Room #20 + 1 rollaway bed,La Joya 1,1,,
UN0441,,LaJoya1 Deluxe Room #21,La Joya 1,1,,
UN0442,,LaJoya1 Deluxe Room #21 + 1 rollaway bed,La Joya 1,1,,
UN0443,,LaJoya1 Dlx Bungalow #10 + 1 extra person,La Joya 1,1,,
UN0444,,LaJoya1 Private Villa,La Joya Biubiu,1,,
UN0445,,LaJoya1 Standard Bungalow #1,La Joya 1,1,,
UN0446,,LaJoya1 Standard Bungalow #2,La Joya 1,1,,
UN0447,,LaJoya1 Standard Bungalow #3,La Joya 1,1,,
UN0448,,LaJoya1 Standard Bungalow #4,La Joya 1,1,,
UN0449,,LaJoya1 Standard Bungalow #4 + 1 extra person + 1 rollaway bed,La Joya Biubiu,1,,
UN0450,,LaJoya1 Standard Bungalow #5,La Joya 1,1,,
UN0451,,LaJoya1 Standard Bungalow #6,La Joya 1,1,,
UN0452,,LaJoya1 Standard Bungalow #7,La Joya 1,1,,
UN0453,,LaJoya1 Standard Bungalow #8,La Joya 1,1,,
UN0454,,LaJoya1 Standard Room #22,La Joya 1,1,,
UN0455,,LaJoya1 Standard Room #23,La Joya 1,1,,
UN0456,,LaJoya1 Std Family Room #24,La Joya 1,1,,
UN0457,,LaJoya1 Std Family Room #24 + 1 extra person,La Joya 1,1,,
UN0458,,LaJoya1 Std Family Room #24 + 2 extra people,La Joya 1,1,,
UN0459,,LaJoya1 Superior Family Room #25,La Joya 1,1,,
UN0460,,LaJoya1 Superior Family Room #25 + 1 extra person,La Joya 1,1,,
UN0461,,LaJoya1 Superior Family Room #25 + 2 extra people,La Joya 1,1,,
UN0462,,Lalang Puluh,,1,,
UN0463,2018-05-18,Le Yanandra - 1,Le Yanandra,1,,
UN0464,2018-05-18,Le Yanandra - 2,Le Yanandra,1,,
UN0465,2018-05-18,Le Yanandra - 3,Le Yanandra,1,,
UN0466,2018-05-18,Le Yanandra - 4,Le Yanandra,1,,
UN0467,2018-05-18,Le Yanandra - 5,Le Yanandra,1,,
UN0468,,Lebak Guesthouse - 1,Lebak Guesthouse,1,,
UN0469,,Lebak Guesthouse - 2 (Twin),Lebak Guesthouse,1,,
UN0470,,Lebak Guesthouse - 3,Lebak Guesthouse,1,,
UN0471,,Lebak Guesthouse - 4,Lebak Guesthouse,1,,
UN0472,,Lebak Guesthouse - 5,Lebak Guesthouse,1,,
UN0473,,Lebak Guesthouse - 6,Lebak Guesthouse,1,,
UN0474,,Lebak Guesthouse - 7,Lebak Guesthouse,1,,
UN0475,,Lebak Guesthouse - 8,Lebak Guesthouse,1,,
UN0476,,Lebak Guesthouse - 9 (Master),Lebak Guesthouse,1,,
UN0477,,Lebak Residence - King 4,Lebak Residence,1,,
UN0478,,Lebak Residence - King 7,Lebak Residence,1,,
UN0479,,Lebak Residence - Suite 1,Lebak Residence,1,,
UN0480,,Lebak Residence - Suite 2,Lebak Residence,1,,
UN0481,,Lebak Residence - Suite 3,Lebak Residence,1,,
UN0482,,Lebak Residence - Twin 5,Lebak Residence,1,,
UN0483,,Lebak Residence - Twin 6,Lebak Residence,1,,
UN0484,,Lebak Residence - Wooden 1,Lebak Residence,1,,
UN0485,,Lebak Residence - Wooden 2,Lebak Residence,1,,
UN0486,,Lemon Guesthouse - 1,Lemon Guesthouse,1,,
UN0487,,Lemon Guesthouse - 2,Lemon Guesthouse,1,,
UN0488,,Lemon Guesthouse - 3,Lemon Guesthouse,1,,
UN0489,,Lemon Guesthouse - 4,Lemon Guesthouse,1,,
UN0490,,Lemon Guesthouse - 5,Lemon Guesthouse,1,,
UN0491,,Lemon Guesthouse - 6,Lemon Guesthouse,1,,
UN0492,,Like at Home,Like at Home,1,,
UN0493,,Like at Home - Std,,1,,
UN0494,,Like at Home Room #1,Like At Home,1,,
UN0495,,Like at Home Room #2,Like At Home,1,,
UN0496,,Like at Home Room #4,Like At Home,1,,
UN0497,,Like at Home Room #5,Like At Home,1,,
UN0498,,Like at Home Room #6,Like At Home,1,,
UN0499,,LJBB Bungalow #10,La Joya Biubiu,1,,
UN0500,,LJBB Bungalow #10 + 1 extra person,La Joya Biubiu,1,,
UN0501,,LJBB Bungalow #10 + 1 extra person + 1 rollaway bed,La Joya Biubiu,1,,
UN0502,,LJBB Bungalow #11,La Joya Biubiu,1,,
UN0503,,LJBB Bungalow #11 + 1 rollaway bed,La Joya Biubiu,1,,
UN0504,,LJBB Bungalow #12,La Joya Biubiu,1,,
UN0505,,LJBB Bungalow #12 + 1 extra person,La Joya Biubiu,1,,
UN0506,,LJBB Bungalow #12 + 1 rollaway bed,La Joya Biubiu,1,,
UN0507,,LJBB Bungalow #14,La Joya Biubiu,1,,
UN0508,,LJBB Bungalow #14 + 1 extra person,La Joya Biubiu,1,,
UN0509,,LJBB Bungalow #14 + 1 rollaway bed,La Joya Biubiu,1,,
UN0510,,LJBB Bungalow #15,La Joya Biubiu,1,,
UN0511,,LJBB Bungalow #15 + 1 extra person,La Joya Biubiu,1,,
UN0512,,LJBB Bungalow #15 + 1 extra person + 1 rollaway bed,La Joya Biubiu,1,,
UN0513,,LJBB Bungalow #16,La Joya Biubiu,1,,
UN0514,,LJBB Bungalow #16 + 1 extra person,La Joya Biubiu,1,,
UN0515,,LJBB Bungalow #16 + 1 extra person + 1 rollaway  bed,La Joya Biubiu,1,,
UN0516,,LJBB Bungalow #17,La Joya Biubiu,1,,
UN0517,,LJBB Bungalow #17 + 1 Extra Person,La Joya Biubiu,1,,
UN0518,,LJBB Bungalow #17 + 1 rollaway bed,La Joya Biubiu,1,,
UN0519,,LJBB Bungalow #18,La Joya Biubiu,1,,
UN0520,,LJBB Bungalow #18 + 1 Extra Person,La Joya Biubiu,1,,
UN0521,,LJBB Bungalow #18 + 1 rollaway bed,La Joya Biubiu,1,,
UN0522,,LJBB Bungalow #18 + 2 rollaway beds,La Joya Biubiu,1,,
UN0523,,LJBB Bungalow #19,La Joya Biubiu,1,,
UN0524,,LJBB Bungalow #20,La Joya Biubiu,1,,
UN0525,,LJBB Bungalow #20 + 1 extra person,La Joya Biubiu,1,,
UN0526,,LJBB Bungalow #21,La Joya Biubiu,1,,
UN0527,,LJBB Bungalow #21 + 1 rolaway bed,La Joya Biubiu,1,,
UN0528,,LJBB Bungalow #22,La Joya Biubiu,1,,
UN0529,,LJBB Bungalow #22 + 1 extra person,La Joya Biubiu,1,,
UN0530,,LJBB Bungalow #22 + 1 Rollaway bed,La Joya Biubiu,1,,
UN0531,,LJBB Nina #1,La Joya Biubiu,1,,
UN0532,,LJBB Nina #1 + 1 extra person,La Joya Biubiu,1,,
UN0533,,LJBB Nina #1 + 2 extra people,La Joya Biubiu,1,,
UN0534,,LJBB Nina #2,La Joya Biubiu,1,,
UN0535,,LJBB Nina #2 + 1 extra person,La Joya Biubiu,1,,
UN0536,,LJBB Nina #2 + 2 extra people,La Joya Biubiu,1,,
UN0537,,LJBB Nina #3,La Joya Biubiu,1,,
UN0538,,LJBB Nina #3 + 1 extra person,La Joya Biubiu,1,,
UN0539,,LJBB Nina #3 + 2 extra people,La Joya Biubiu,1,,
UN0540,,LJBB Nina #4,La Joya Biubiu,1,,
UN0541,,LJBB Nina #4 + 1 extra person,La Joya Biubiu,1,,
UN0542,,LJBB Nina #4 + 2 extra people,La Joya Biubiu,1,,
UN0543,,LJBB Nina #5,La Joya Biubiu,1,,
UN0544,,LJBB Nina #5 + 1 extra person,La Joya Biubiu,1,,
UN0545,,LJBB Nina #5 + 2 extra people,La Joya Biubiu,1,,
UN0546,,LJBB Nina #6,La Joya Biubiu,1,,
UN0547,,LJBB Nina #6 + 1 extra person,La Joya Biubiu,1,,
UN0548,,LJBB Nina #6 + 2 extra people,La Joya Biubiu,1,,
UN0549,,LJBB Pool Side,La Joya Biubiu,1,,
UN0550,,LJBB Shaka #1,La Joya Biubiu,1,,
UN0551,,LJBB Shaka #1 + 1 extra person,La Joya Biubiu,1,,
UN0552,,LJBB Shaka #1 + 2 extra people,La Joya Biubiu,1,,
UN0553,,LJBB Shaka #2,La Joya Biubiu,1,,
UN0554,,LJBB Shaka #2 + 1 extra person,La Joya Biubiu,1,,
UN0555,,LJBB Shaka #2 + 2 extra people,La Joya Biubiu,1,,
UN0556,,LJBB Shaka #3,La Joya Biubiu,1,,
UN0557,,LJBB Shaka #3 + 1 extra person,La Joya Biubiu,1,,
UN0558,,LJBB Shaka #3 + 2 extra people,La Joya Biubiu,1,,
UN0559,,LJBB Shaka #4,La Joya Biubiu,1,,
UN0560,,LJBB Shaka #4 + 1 extra person,La Joya Biubiu,1,,
UN0561,,LJBB Shaka #4 + 2 extra people,La Joya Biubiu,1,,
UN0562,,LJBB Shaka #5,La Joya Biubiu,1,,
UN0563,,LJBB Shaka #5 + 1 extra person,La Joya Biubiu,1,,
UN0564,,LJBB Shaka #5 + 2 extra people,La Joya Biubiu,1,,
UN0565,,LJBB Shaka #6,La Joya Biubiu,1,,
UN0566,,LJBB Shaka #6 + 1 extra person,La Joya Biubiu,1,,
UN0567,,LJBB Shaka #6 + 2 extra people,La Joya Biubiu,1,,
UN0568,,LJBB Shaka/Nina,La Joya Biubiu,1,,
UN0569,,LJBB Shaka/Nina - 2 bedrooms,La Joya Biubiu,1,,
UN0570,,LJBB Shaka/Nina - 3 bedrooms,La Joya Biubiu,1,,
UN0571,,Made Roejas Homestay - 1,Made Roja Homestay,1,,
UN0572,,Made Roejas Homestay - 2,Made Roja Homestay,1,,
UN0573,,Made Roejas Homestay - 2BR,Made Roja Homestay,2,,
UN0574,,Made Roejas Homestay - 3,Made Roja Homestay,1,,
UN0575,,Made Roejas Homestay - 4,Made Roja Homestay,1,,
UN0576,,Made Roejas Homestay - 3BR,Made Roja Homestay,3,,
UN0577,,Made Roejas Homestay - 4BR,Made Roja Homestay,4,,
UN0578,,Maha Lahksmi - 1 ( 2 BR ),Maha Lahksmi,2,,
UN0579,,Maha Lahksmi - 2 ( 1 BR ),Maha Lahksmi,1,,
UN0580,,Maha Lahksmi - 3 ( 1 BR ),Maha Lahksmi,1,,
UN0581,,Maha Lahksmi - 4,Maha Lahksmi,1,,
UN0582,,Maha Ungasan - 01 (Private Pool),Maha Ungasan,1,,
UN0583,,Maha Ungasan - 02 (Private Pool),Maha Ungasan,1,,
UN0584,,Maha Ungasan - 03 (Garden View),Maha Ungasan,1,,
UN0585,,Maha Ungasan - 04 (Garden View),Maha Ungasan,1,,
UN0586,,Maha Ungasan - 05 (Garden View),Maha Ungasan,1,,
UN0587,,Maha Ungasan - 06 (Garden View),Maha Ungasan,1,,
UN0588,,Maha Ungasan - 07 (Garden View),Maha Ungasan,1,,
UN0589,,Maha Ungasan - 08 (Garden View),Maha Ungasan,1,,
UN0590,,Maha Ungasan - 09 (Garden View),Maha Ungasan,1,,
UN0591,,Maha Ungasan - 10 (Garden View),Maha Ungasan,1,,
UN0592,,Mandala House,Mandala House,3,,
UN0593,,Margonda Residence - Barel #1,Barel Apartment,1,,
UN0594,,Margonda Residence - Barel #2,Barel Apartment,1,,
UN0595,,Margonda Residence - Barel #3,Barel Apartment,1,,
UN0596,,Margonda Residence - Barel #4,Barel Apartment,1,,
UN0597,,Margonda Residence - Tika #1,Sartika Apartment,1,,
UN0598,,Margonda Residence - Tika #2,Sartika Apartment,1,,
UN0599,,Margonda Residence - Tika #4,Sartika Apartment,1,,
UN0600,,Margonda Residence - Tike #3,Sartika Apartment,1,,
UN0601,,Me Villa - A ( 2BR ),ME Villa,2,,
UN0602,,Me Villa - B ( 1BR ),ME Villa,1,,
UN0603,,Me Villa - C ( 1BR ),ME Villa,1,,
UN0604,,Me Villa - D ( 1BR ),ME Villa,1,,
UN0605,,Me Villa - E ( 1BR ),ME Villa,1,,
UN0606,,Moyo & Son Surf Stay - 101 - Twin,Moyo & Son Surf Stay,1,,
UN0607,,Moyo & Son Surf Stay - 102 - Double,Moyo & Son Surf Stay,1,,
UN0608,,Moyo & Son Surf Stay - 103 - Double,Moyo & Son Surf Stay,1,,
UN0609,,Moyo & Son Surf Stay - 104 - Double,Moyo & Son Surf Stay,1,,
UN0610,,Moyo & Son Surf Stay - 105 - Double,Moyo & Son Surf Stay,1,,
UN0611,,Moyo & Son Surf Stay - 106 - Double,Moyo & Son Surf Stay,1,,
UN0612,,Moyo & Son Surf Stay - 107 - Twin,Moyo & Son Surf Stay,1,,
UN0613,,Moyo & Son Surf Stay - 108 - Twin,Moyo & Son Surf Stay,1,,
UN0614,,Moyo & Son Surf Stay - 109 - Whole Dorm,Moyo & Son Surf Stay,1,,
UN0615,,Moyo & Son Surf Stay - 109 - Dorm 2 Person,Moyo & Son Surf Stay,1,,
UN0616,,Moyo & Son Surf Stay - 109 - Dorm 1,Moyo & Son Surf Stay,1,,
UN0617,,Moyo & Son Surf Stay - 109 - Dorm 2,Moyo & Son Surf Stay,1,,
UN0618,,Moyo & Son Surf Stay - 109 - Dorm 3,Moyo & Son Surf Stay,1,,
UN0619,,Moyo & Son Surf Stay - 109 - Dorm 4,Moyo & Son Surf Stay,1,,
UN0620,,Moyo & Son Surf Stay - 109 - Dorm 5,Moyo & Son Surf Stay,1,,
UN0621,,Moyo & Son Surf Stay - 109 - Dorm 6,Moyo & Son Surf Stay,1,,
UN0622,,Moyo & Son Surf Stay - 109 - Dorm 7,Moyo & Son Surf Stay,1,,
UN0623,,Moyo & Son Surf Stay - 109 - Dorm 8,Moyo & Son Surf Stay,1,,
UN0624,,Moyo & Son Surf Stay - 201 - Twin,Moyo & Son Surf Stay,1,,
UN0625,,Moyo & Son Surf Stay - 202 - Twin,Moyo & Son Surf Stay,1,,
UN0626,,Moyo & Son Surf Stay - 203 - Twin,Moyo & Son Surf Stay,1,,
UN0627,,Moyo & Son Surf Stay - 204 - Double,Moyo & Son Surf Stay,1,,
UN0628,,Moyo & Son Surf Stay - 205 - Double,Moyo & Son Surf Stay,1,,
UN0629,,Moyo & Son Surf Stay - 206 - Double,Moyo & Son Surf Stay,1,,
UN0630,,Moyo & Son Surf Stay - 207 - Double,Moyo & Son Surf Stay,1,,
UN0631,,Moyo & Son Surf Stay - 301 - Double,Moyo & Son Surf Stay,1,,
UN0632,,Moyo & Son Surf Stay - 302 - Double,Moyo & Son Surf Stay,1,,
UN0633,,Moyo & Son Surf Stay - 303 - Double,Moyo & Son Surf Stay,1,,
UN0634,,Moyo & Son Surf Stay - 304 - Double,Moyo & Son Surf Stay,1,,
UN0635,,Moyo & Son Surf Stay - 305 - Double,Moyo & Son Surf Stay,1,,
UN0636,,Moyo & Son Surf Stay - 306 - Double,Moyo & Son Surf Stay,1,,
UN0637,,My Rock-a-Villa,Rock-a-Villa,3,,
UN0638,,My Villa 2BR,My Villa,2,,
UN0639,,My Villa 3BR,My Villa,3,,
UN0640,2017-12-07,Ndalem Kasongan - 1,Ndalem Kasongan,1,,
UN0641,2017-12-07,Ndalem Kasongan - 2,Ndalem Kasongan,1,,
UN0642,2017-12-07,Ndalem Kasongan - 3 (shared bathroom),Ndalem Kasongan,1,,
UN0643,2017-12-07,Ndalem Kasongan - 4 (shared bathroom),Ndalem Kasongan,1,,
UN0644,2017-12-07,Ndalem Kasongan - 5,Ndalem Kasongan,1,,
UN0645,,Ndalem Natan - 1,Ndalem Natan,1,,
UN0646,,Ndalem Natan - 2,Ndalem Natan,1,,
UN0647,,Ndalem Natan - 3,Ndalem Natan,1,,
UN0648,,Ndalem Natan - 4,Ndalem Natan,1,,
UN0649,,Ndalem Natan - 5,Ndalem Natan,1,,
UN0650,,Ndalem Natan - 6,Ndalem Natan,1,,
UN0651,,Ndalem Ngabean Double - 1,Ndalem Ngabean,1,,
UN0652,,Ndalem Ngabean Double - 2,Ndalem Ngabean,1,,
UN0653,,Ndalem Ngabean Double - 3,Ndalem Ngabean,1,,
UN0654,,Ndalem Ngabean Double - 4,Ndalem Ngabean,1,,
UN0655,,Ndalem Ngabean Double - 5,Ndalem Ngabean,1,,
UN0656,,Ndalem Ngabean Double - 6,Ndalem Ngabean,1,,
UN0657,,Ndalem Ngabean Family - 1,Ndalem Ngabean,1,,
UN0658,,Ndalem Ngabean Family - 2,Ndalem Ngabean,1,,
UN0659,,Ndalem Ngabean Family - 3,Ndalem Ngabean,1,,
UN0660,,Ndalem Ngabean Family - 4,Ndalem Ngabean,1,,
UN0661,,Ndalem Ngabean Family - 5,Ndalem Ngabean,1,,
UN0662,,Ndalem Ngabean Family - 6,Ndalem Ngabean,1,,
UN0663,,Ndalem Ngabean Family - 7,Ndalem Ngabean,1,,
UN0664,,Ndalem Panembahan - 1,Ndalem Panembahan,1,,
UN0665,,Ndalem Panembahan - 2,Ndalem Panembahan,1,,
UN0666,,Ndalem Panembahan - 3,Ndalem Panembahan,1,,
UN0667,,Ndalem Panembahan - 4,Ndalem Panembahan,1,,
UN0668,,Ndalem Panembahan - 5,Ndalem Panembahan,1,,
UN0669,,Ndalem Panembahan - 6,Ndalem Panembahan,1,,
UN0670,,Ndalem Panembahan - Whole Villa,Ndalem Panembahan,6,,
UN0671,,NDBV Lot 3,NDBV Lot 3,3,,
UN0672,,NDBV Lot 6,NDBV Lot 6,6,,
UN0673,,Ocho Bali Villa - Deluxe,Ocho Bali Villa,1,,
UN0674,,Ocho Bali Villa - Standard,Ocho Bali Villa,1,,
UN0675,,Omah Gerjen 29 - 1A,Omah Gerjen 29,1,,
UN0676,,Omah Gerjen 29 - 1B,Omah Gerjen 29,1,,
UN0677,,Omah Gerjen 29 - 2A,Omah Gerjen 29,1,,
UN0678,,Omah Gerjen 29 - 2B,Omah Gerjen 29,1,,
UN0679,,Omah Gerjen 29 - 3A,Omah Gerjen 29,1,,
UN0680,,Omah Gerjen 29 - 3B,Omah Gerjen 29,1,,
UN0681,,Omah Gerjen 3A & 3B,Omah Gerjen 29,2,,
UN0682,,Omah Gerjen 29 - 3BR,Omah Gerjen 29,3,,
UN0683,,Omah Lila - 1,Omah Lila,1,,
UN0684,,Omah Lila - 2,Omah Lila,1,,
UN0685,,Omah Lila - 2BR,Omah Lila,2,,
UN0686,,Omah Lila - 3,Omah Lila,1,,
UN0687,,Omah Lila - 3BR,Omah Lila,3,,
UN0688,,Padang Padang View - 1,Padang Padang View,1,,
UN0689,,Padang Padang View - 2,Padang Padang View,1,,
UN0690,,Padang Padang View - 3,Padang Padang View,1,,
UN0691,,Padang Padang View - 4,Padang Padang View,1,,
UN0692,,Peacock Ubud Inn - 1,Peacock Ubud Inn,1,,
UN0693,,Peacock Ubud Inn - 10,Peacock Ubud Inn,1,,
UN0694,,Peacock Ubud Inn - 11,Peacock Ubud Inn,1,,
UN0695,,Peacock Ubud Inn - 2,Peacock Ubud Inn,1,,
UN0696,,Peacock Ubud Inn - 3,Peacock Ubud Inn,1,,
UN0697,,Peacock Ubud Inn - 4,Peacock Ubud Inn,1,,
UN0698,,Peacock Ubud Inn - 5,Peacock Ubud Inn,1,,
UN0699,,Peacock Ubud Inn - 6,Peacock Ubud Inn,1,,
UN0700,,Peacock Ubud Inn - 7,Peacock Ubud Inn,1,,
UN0701,,Peacock Ubud Inn - 8,Peacock Ubud Inn,1,,
UN0702,,Peacock Ubud Inn - 9,Peacock Ubud Inn,1,,
UN0703,,Pendopo Andari Deluxe  - 7,Pendopo Andari,1,,
UN0704,,Pendopo Andari - 02,Pendopo Andari,1,,
UN0705,,Pendopo Andari - 03,Pendopo Andari,1,,
UN0706,,Pejaten Valley - Deluxe 1,Pejaten Valley,1,,
UN0707,,Pejaten Valley - Executive 1,Pejaten Valley,1,,
UN0708,,Pejaten Valley - Executive 2,Pejaten Valley,1,,
UN0709,,Pejaten Valley - Family Room 1,Pejaten Valley,1,,
UN0710,,Pondok Lulik - 07,Pondok Lulik,1,,
UN0711,,Pondok Lulik - 08,Pondok Lulik,1,,
UN0712,,Pondok Lulik - 09,Pondok Lulik,1,,
UN0713,,Pondok Lulik - 10,Pondok Lulik,1,,
UN0714,,Pondok Lulik - 11,Pondok Lulik,1,,
UN0715,,Pondok Lulik - 12,Pondok Lulik,1,,
UN0716,,Pondok Lulik - 14,Pondok Lulik,1,,
UN0717,,Pondok Lulik - 15,Pondok Lulik,1,,
UN0718,,Pondok Lulik - 16,Pondok Lulik,1,,
UN0719,,Pondok Lulik - 17,Pondok Lulik,1,,
UN0720,,Pondok Lulik - 18 (Bunk Bed),Pondok Lulik,1,,
UN0721,,Pondok Lulik - 19 (Bunk Bed),Pondok Lulik,1,,
UN0722,,8br Pondok Lulik,Pondok Lulik,8,,
UN0723,,Pondok Lulik - Wooden #T1,Pondok Lulik,1,,
UN0724,,Pondok Lulik - Wooden #T2,Pondok Lulik,1,,
UN0725,,Pondok Lulik - Wooden #T3,Pondok Lulik,1,,
UN0726,,Pondok Lulik - Wooden #D1,Pondok Lulik,1,,
UN0727,,Pramestha Resort Town - Alinda A8 - Bambang,Pramestha Resort Town - Alinda,1,,
UN0728,,Pramestha Resort Town - Alinda A9 - Bambang,Pramestha Resort Town - Alinda,1,,
UN0729,,Pramestha Resort Town - Alinda B22 - Bambang,Pramestha Resort Town - Alinda,1,,
UN0730,,Pramestha Resort Town - ZIzi,Pramestha Resort Town,1,,
UN0731,,Puri Kelapa - 01 (Twin),Puri Kelapa,1,,
UN0732,,Puri Kelapa - 02,Puri Kelapa,1,,
UN0733,,Puri Kelapa - 03 (Twin),Puri Kelapa,1,,
UN0734,,Puri Kelapa - 04,Puri Kelapa,1,,
UN0735,,Puri Kelapa - 05,Puri Kelapa,1,,
UN0736,,Puri Kelapa - 06,Puri Kelapa,1,,
UN0737,,Puri Kelapa - 07,Puri Kelapa,1,,
UN0738,,Puri Kelapa - 08 (Twin),Puri Kelapa,1,,
UN0739,,Puri Kelapa - 09,Puri Kelapa,1,,
UN0740,,Puri Kelapa - 10,Puri Kelapa,1,,
UN0741,,Puri Kelapa - 11 (Twin),Puri Kelapa,1,,
UN0742,,Puri Kelapa - 12,Puri Kelapa,1,,
UN0743,,Puri Kelapa - A1 (Twin),Puri Kelapa,1,,
UN0744,,Puri Kelapa - A2 (Double),Puri Kelapa,1,,
UN0745,,Puri Kelapa - B1 (Twin),Puri Kelapa,1,,
UN0746,,Puri Kelapa - B2 (Double),Puri Kelapa,1,,
UN0747,,Puri Kelapa - C1 (Double),Puri Kelapa,1,,
UN0748,,Puri Kelapa - C2 (Twin),Puri Kelapa,1,,
UN0749,,Puri Kelapa - D1 (Twin),Puri Kelapa,1,,
UN0750,,Puri Kelapa - D2 (Double),Puri Kelapa,1,,
UN0751,,Puri Kelapa - E (Double),Puri Kelapa,1,,
UN0752,,Puri Kelapa - Family 1,Puri Kelapa,1,,
UN0753,,Puri Kelapa - Family 2,Puri Kelapa,1,,
UN0754,,Puri Langenarjan - Deluxe 1,Puri Langenarjan,1,,
UN0755,,Puri Langenarjan - Deluxe 2,Puri Langenarjan,1,,
UN0756,,Puri Langenarjan - Deluxe 3,Puri Langenarjan,1,,
UN0757,,Puri Langenarjan - Deluxe 4,Puri Langenarjan,1,,
UN0758,,Puri Langenarjan - Deluxe 5,Puri Langenarjan,1,,
UN0759,,Puri Minggiran - 1,Puri Minggiran,1,,
UN0760,,Puri Minggiran - 2,Puri Minggiran,1,,
UN0761,,Puri Minggiran - 3,Puri Minggiran,1,,
UN0762,,Puri Minggiran - 4,Puri Minggiran,1,,
UN0763,,Puri Minggiran - 5,Puri Minggiran,1,,
UN0764,,Puri Minggiran - 6,Puri Minggiran,1,,
UN0765,,Puri Minggiran - 7,Puri Minggiran,1,,
UN0766,,Puri Pandawa - Deluxe 1,Puri Pandawa,1,,
UN0767,,Puri Pandawa - Deluxe 2,Puri Pandawa,1,,
UN0768,,Puri Pandawa - Deluxe 3,Puri Pandawa,1,,
UN0769,,Puri Pandawa - Deluxe 4,Puri Pandawa,1,,
UN0770,,Puri Pandawa - Joglo 1,Puri Pandawa,1,,
UN0771,,Puri Pandawa - Joglo 2,Puri Pandawa,1,,
UN0772,,Puri Pandawa - Joglo 3,Puri Pandawa,1,,
UN0773,,Puri Pandawa - Joglo 4,Puri Pandawa,1,,
UN0774,,Puri Pandawa - Suite 1,Puri Pandawa,1,,
UN0775,,Puri Pandawa - Suite 2,Puri Pandawa,1,,
UN0776,,Puri Pandawa - Suite 3,Puri Pandawa,1,,
UN0777,,Puri Pandawa - Suite 4,Puri Pandawa,1,,
UN0778,,Puri Sabina - 01 (Standard),Puri Sabina,1,,
UN0779,,Puri Sabina - 02 (Standard),Puri Sabina,1,,
UN0780,,Puri Sabina - 03 (Deluxe),Puri Sabina,1,,
UN0781,,Puri Sabina - 04 (Deluxe),Puri Sabina,1,,
UN0782,,Puri Sabina - 05 (Deluxe),Puri Sabina,1,,
UN0783,,Puri Sabina - 06 (Deluxe Pool View),Puri Sabina,1,,
UN0784,,Puri Sabina - Deluxe Pool View,Puri Sabina,1,,
UN0785,,Puri Sabina - Standard,Puri Sabina,1,,
UN0786,,Rajaklana - Stone house 1,Rajaklana,1,,
UN0787,,Rajaklana - Wood house 1,Rajaklana,1,,
UN0788,,Rama Village #1 - Shita 1,Rama Village,1,,
UN0789,,Rama Village #1 - Shita 2,Rama Village,1,,
UN0790,,Rama Village #2 - Laksamana 1,Rama Village,1,,
UN0791,,Rama Village #2 - Laksamana 2,Rama Village,1,,
UN0792,,Rama Village #3 - Barata 1,Rama Village,1,,
UN0793,,Rama Village #4 - Barata 2,Rama Village,1,,
UN0794,,Rama Village #5 - Satrugna 1,Rama Village,1,,
UN0795,,Rama Village #5 - Satrugna 2,Rama Village,1,,
UN0796,,Rama Village 2BR,Rama Village,2,,
UN0797,,Redsalt - Joglo 3br,Redsalt,3,,
UN0798,,Redsalt - Lumbung 1,Redsalt,1,,
UN0799,,Redsalt - Lumbung 2,Redsalt,1,,
UN0800,,Riverside - Family 1,Riverside Cottages,1,,
UN0801,,Riverside - Family 2,Riverside Cottages,1,,
UN0802,,Riverside - Romantic 1,Riverside Cottages,1,,
UN0803,,Riverside - Romantic 2,Riverside Cottages,1,,
UN0804,,Roemah Boedi - Keputren 1,Roemah Boedi,1,,
UN0805,,Roemah Boedi - Keputren 2,Roemah Boedi,1,,
UN0806,,Roemah Boedi - Keputren 3,Roemah Boedi,1,,
UN0807,,Roemah Boedi - Keputren 4,Roemah Boedi,1,,
UN0808,,Roemah Boedi - Keputren 5,Roemah Boedi,1,,
UN0809,,Roemah Boedi - Keputren 6,Roemah Boedi,1,,
UN0810,,Roemah Boedi - Keputren 7,Roemah Boedi,1,,
UN0811,,Roemah Boedi - Keputren 8,Roemah Boedi,1,,
UN0812,,Roemah Boedi - Keputran 1,Roemah Boedi,1,,
UN0813,,Roemah Boedi - Keputran 2,Roemah Boedi,1,,
UN0814,,Royal Majestic 2BR,Royal Majestic Villa,2,,
UN0815,,Royal Majestic 3BR,Royal Majestic Villa,3,,
UN0816,,Rumah Eyang,Rumah Eyang,3,,
UN0817,,Rumah Lavia - Joglo,Rumah Lavia,1,,
UN0818,,Rumah Lavia - Omah Diandra 1,Rumah Lavia,1,,
UN0819,,Rumah Lavia - Omah Diandra 2,Rumah Lavia,1,,
UN0820,,Rumah Sarengat - 1 Double,Rumah Sarengat,1,,
UN0821,,Rumah Sarengat - 2 Double,Rumah Sarengat,1,,
UN0822,,Rumah Sarengat - 3 Twin,Rumah Sarengat,1,,
UN0823,,Rumah Sarengat - 4 Double,Rumah Sarengat,1,,
UN0824,,Rumah Sarengat - 5 Double,Rumah Sarengat,1,,
UN0825,,Rumah Sarengat - 6 Double,Rumah Sarengat,1,,
UN0826,,Rumah Sarengat - Full House,Rumah Sarengat,6,,
UN0827,,Rumah Teteh,Rumah Teteh,5,,
UN0828,,Sahid Residence - 28D - Pak Ade,Sahid Residence,1,,
UN0829,,Sahid Sudirman Residence - 27B,Sahid Sudirman Residence - 27B,1,,
UN0830,,Sakura Deluxe - 1,The Sakura,1,,
UN0831,,Sakura Deluxe - 10,The Sakura,1,,
UN0832,,Sakura Deluxe - 2,The Sakura,1,,
UN0833,,Sakura Deluxe - 3,The Sakura,1,,
UN0834,,Sakura Deluxe - 4,The Sakura,1,,
UN0835,,Sakura Deluxe - 5,The Sakura,1,,
UN0836,,Sakura Deluxe - 6,The Sakura,1,,
UN0837,,Sakura Deluxe - 7,The Sakura,1,,
UN0838,,Sakura Deluxe - 8,The Sakura,1,,
UN0839,,Sakura Deluxe - 9,The Sakura,1,,
UN0840,,Sakura Suite - 1,The Sakura,1,,
UN0841,,Sakura Suite - 2,The Sakura,1,,
UN0842,,Sakura Suite - 3,The Sakura,1,,
UN0843,,Sakura Suite - 4,The Sakura,1,,
UN0844,,Sakura Superior - 1,The Sakura,1,,
UN0845,,Sakura Superior - 10,The Sakura,1,,
UN0846,,Sakura Superior - 11,The Sakura,1,,
UN0847,,Sakura Superior - 12,The Sakura,1,,
UN0848,,Sakura Superior - 13,The Sakura,1,,
UN0849,,Sakura Superior - 14,The Sakura,1,,
UN0850,,Sakura Superior - 15,The Sakura,1,,
UN0851,,Sakura Superior - 16,The Sakura,1,,
UN0852,,Sakura Superior - 17,The Sakura,1,,
UN0853,,Sakura Superior - 18,The Sakura,1,,
UN0854,,Sakura Superior - 19,The Sakura,1,,
UN0855,,Sakura Superior - 2,The Sakura,1,,
UN0856,,Sakura Superior - 20,The Sakura,1,,
UN0857,,Sakura Superior - 21,The Sakura,1,,
UN0858,,Sakura Superior - 22,The Sakura,1,,
UN0859,,Sakura Superior - 23,The Sakura,1,,
UN0860,,Sakura Superior - 24,The Sakura,1,,
UN0861,,Sakura Superior - 25,The Sakura,1,,
UN0862,,Sakura Superior - 26,The Sakura,1,,
UN0863,,Sakura Superior - 27,The Sakura,1,,
UN0864,,Sakura Superior - 28,The Sakura,1,,
UN0865,,Sakura Superior - 29,The Sakura,1,,
UN0866,,Sakura Superior - 3,The Sakura,1,,
UN0867,,Sakura Superior - 30,The Sakura,1,,
UN0868,,Sakura Superior - 31,The Sakura,1,,
UN0869,,Sakura Superior - 32,The Sakura,1,,
UN0870,,Sakura Superior - 33,The Sakura,1,,
UN0871,,Sakura Superior - 34,The Sakura,1,,
UN0872,,Sakura Superior - 35,The Sakura,1,,
UN0873,,Sakura Superior - 36,The Sakura,1,,
UN0874,,Sakura Superior - 4,The Sakura,1,,
UN0875,,Sakura Superior - 5,The Sakura,1,,
UN0876,,Sakura Superior - 6,The Sakura,1,,
UN0877,,Sakura Superior - 7,The Sakura,1,,
UN0878,,Sakura Superior - 8,The Sakura,1,,
UN0879,,Sakura Superior - 9,The Sakura,1,,
UN0880,,Sanata Yoga Guesthouse - 1,Sanata Yoga Guesthouse,1,,
UN0881,,Sanata Yoga Guesthouse - 2,Sanata Yoga Guesthouse,1,,
UN0882,,Sanata Yoga Guesthouse - 3,Sanata Yoga Guesthouse,1,,
UN0883,,Sanata Yoga Guesthouse - 4,Sanata Yoga Guesthouse,1,,
UN0884,,Sanata Yoga Guesthouse - 5,Sanata Yoga Guesthouse,1,,
UN0885,,Sanata Yoga Guesthouse - 6,Sanata Yoga Guesthouse,1,,
UN0886,,Sanata Yoga Guesthouse - 7,Sanata Yoga Guesthouse,1,,
UN0887,,Sanata Yoga Guesthouse - 8,Sanata Yoga Guesthouse,1,,
UN0888,,Sanata Yoga Guesthouse - 9,Sanata Yoga Guesthouse,1,,
UN0889,,Sanata Yoga Guesthouse - 10,Sanata Yoga Guesthouse,1,,
UN0890,,Santosha 1BR Villa - 1,Santosha Ubud,1,,
UN0891,,Santosha 1BR Villa - 2,Santosha Ubud,1,,
UN0892,,Santosha 1BR Villa - 3,Santosha Ubud,1,,
UN0893,,Santosha 1BR Villa - 4,Santosha Ubud,1,,
UN0894,,Santosha 1BR Villa - 5,Santosha Ubud,1,,
UN0895,,Santosha 1BR Villa - 6,Santosha Ubud,1,,
UN0896,,Santosha Suite - 1,Santosha Ubud,1,,
UN0897,,Santosha Suite - 2,Santosha Ubud,1,,
UN0898,,Saveria Apartment - Steve,Saveria Apartment - Steve,1,,
UN0899,,Sawah Joglo - Deluxe 1,Sawah Joglo,1,,
UN0900,,Sawah Joglo - Deluxe 2,Sawah Joglo,1,,
UN0901,,Sawah Joglo - Deluxe 3,Sawah Joglo,1,,
UN0902,,Sawah Joglo - Deluxe 4,Sawah Joglo,1,,
UN0903,,Sawah Joglo - Deluxe 5,Sawah Joglo,1,,
UN0904,,Sawah Joglo - Deluxe 6,Sawah Joglo,1,,
UN0905,,Sawah Joglo - Deluxe 7,Sawah Joglo,1,,
UN0906,,Sawah Joglo - Deluxe 8,Sawah Joglo,1,,
UN0907,,Sawah Joglo - Family 2BR 1,Sawah Joglo,2,,
UN0908,,Sawah Joglo - Family 2BR 2,Sawah Joglo,2,,
UN0909,,Sawah Joglo - Suite 1,Sawah Joglo,1,,
UN0910,,Sawah Joglo - Suite 2,Sawah Joglo,1,,
UN0911,,Secret Garden 1BR,Secret Garden,1,,
UN0912,,Secret Garden 2BR,Secret Garden,2,,
UN0913,,Serpong Greenview Apartment - 19,Serpong Greenview Apartment,1,,
UN0914,,Serpong Greenview Apartment - 9,Serpong Greenview Apartment,1,,
UN0915,,Siaga Raya 3 - Unit 3a,Siaga Raya 3 Villas,3,,
UN0916,,Siaga Raya 3 - Unit 3b,Siaga Raya 3 Villas,3,,
UN0917,,Siaga Raya 3 - Unit N,Siaga Raya 3 Villas,3,,
UN0918,,Siaga Raya 3 Villas - 2 Villas,Siaga Raya 3 Villas,3,,
UN0919,,Siaga Raya 3 Villas - 3 Villas,Siaga Raya 3 Villas,3,,
UN0920,,Singga Jo Villa,Singga Jo Villa,,,
UN0921,,Sisin Uma Homestay - Double 1,Sisin Uma Homestay,1,,
UN0922,,Sisin Uma Homestay - Double 2,Sisin Uma Homestay,1,,
UN0923,,Sisin Uma Homestay - Double 3,Sisin Uma Homestay,1,,
UN0924,,Sisin Uma Homestay - Double 4,Sisin Uma Homestay,1,,
UN0925,,Sisin Uma Homestay - Double 5,Sisin Uma Homestay,1,,
UN0926,,Sisin Uma Homestay - Double 6,Sisin Uma Homestay,1,,
UN0927,,Sisin Uma Homestay - Double 7,Sisin Uma Homestay,1,,
UN0928,,Sisin Uma Homestay - Twin 1,Sisin Uma Homestay,1,,
UN0929,,Sisin Uma Homestay - Twin 2,Sisin Uma Homestay,1,,
UN0930,,Sleeping Buddha,Sleeping Buddha,3,,
UN0931,,Srikandi Guesthouse - 1,Srikandi Guesthouse,1,,
UN0932,,Srikandi Guesthouse - 2,Srikandi Guesthouse,1,,
UN0933,,Srikandi Guesthouse - 3,Srikandi Guesthouse,1,,
UN0934,,Srikandi Guesthouse - 4,Srikandi Guesthouse,1,,
UN0935,,Srikandi Guesthouse - 8 Bedrooms,Srikandi Guesthouse,8,,
UN0936,,Summerhouse,Summerhouse,5,,
UN0937,,Sunset Condotel Kuta,Sunset Condotel Kuta,2,,
UN0938,,Suparsa Guesthouse,Suparsa Guesthouse,1,,
UN0939,,Surf Lodge,Surfloge Guesthouse,1,,
UN0940,,Swan House,,1,,
UN0941,,Taman Asih - Superior Twins 1,Taman Asih,1,,
UN0942,,Taman Asih - Superior Twins 2,Taman Asih,1,,
UN0943,,Taman Asih - Superior Twins 3,Taman Asih,1,,
UN0944,,Taman Asih - Superior Twins 4,Taman Asih,1,,
UN0945,,Taman Asih - Superior Twins 5,Taman Asih,1,,
UN0946,,Taman Asih - Deluxe Double 16,Taman Asih,1,,
UN0947,,Taman Asih - Deluxe Double 17,Taman Asih,1,,
UN0948,,Taman Asih - Deluxe Double 18,Taman Asih,1,,
UN0949,,Taman Asih - Deluxe Double 19,Taman Asih,1,,
UN0950,,Taman Asih - Deluxe Double 20,Taman Asih,1,,
UN0951,,Taman Amartha - 1,Taman Amertha,1,,
UN0952,,Taman Amartha - 2,Taman Amertha,1,,
UN0953,,Taman Amartha - 3,Taman Amertha,1,,
UN0954,,Taman Amartha - 4,Taman Amertha,1,,
UN0955,,Taman Amartha - Deluxe,,1,,
UN0956,,Taman Amartha - Standard,Taman Amertha,1,,
UN0957,,Taman Amertha - 10,Taman Amertha,1,,
UN0958,,Taman Amertha - 11,Taman Amertha,1,,
UN0959,,Taman Amertha - 12,Taman Amertha,1,,
UN0960,,Taman Amertha - 13,Taman Amertha,1,,
UN0961,,Taman Amertha - 14,Taman Amertha,1,,
UN0962,,Taman Amertha - 5,Taman Amertha,1,,
UN0963,,Taman Amertha - 6,Taman Amertha,1,,
UN0964,,Taman Amertha - 7,Taman Amertha,1,,
UN0965,,Taman Amertha - 8,Taman Amertha,1,,
UN0966,,Taman Amertha - 9,Taman Amertha,1,,
UN0967,,Taman Bintang #1 - Concrete Dbl (Legong),Taman Bintang,1,,
UN0968,,Taman Bintang #2 - Concrete Twn (Condong),Taman Bintang,1,,
UN0969,,Taman Bintang #3 - Concrete Twn (Oleg),Taman Bintang,1,,
UN0970,,Taman Bintang #4 - Wooden Dbl (Barong),Taman Bintang,1,,
UN0971,,Taman Bintang #5 - Wooden Dbl ( Baris ),Taman Bintang,1,,
UN0972,,Taman Bintang #6 - Wooden Twn (Jauk),Taman Bintang,1,,
UN0973,,Taman Bintang #7 - Wooden Dbl (Topeng),Taman Bintang,1,,
UN0974,,Taman Melati Margonda - Fia #1A,Taman Melati Margonda,1,,
UN0975,,Taman Melati Margonda - Fia #1B,Taman Melati Margonda,1,,
UN0976,,Tamu Ibu,Tamu Ibu,4,,
UN0977,,Tembi Rumah Budaya - Gandjuran,Tembi Rumah Budaya,1,,
UN0978,,Tembi Rumah Budaya - Ngadirojo,Tembi Rumah Budaya,1,,
UN0979,,Tembi Rumah Budaya - Badegan,Tembi Rumah Budaya,1,,
UN0980,,Tembi Rumah Budaya - Wuryantoro,Tembi Rumah Budaya,1,,
UN0981,,Tembi Rumah Budaya - Adikarto,Tembi Rumah Budaya,1,,
UN0982,,Tembi Rumah Budaya - Morangan,Tembi Rumah Budaya,1,,
UN0983,,Tembi Rumah Budaya - Polaman,Tembi Rumah Budaya,1,,
UN0984,,Tembi Rumah Budaya - Kriyan Kidul,Tembi Rumah Budaya,1,,
UN0985,,Tembi Rumah Budaya - Kriyan Lor,Tembi Rumah Budaya,1,,
UN0986,,The Alchemist - Blanche Niege,The Alchemist,1,,
UN0987,,The Alchemist - Family Bungalow,The Alchemist,1,,
UN0988,,The Alchemist - Le Petit Prince,The Alchemist,1,,
UN0989,,The Alchemist - Mykonos,The Alchemist,1,,
UN0990,,The Alchemist - One Love,The Alchemist,1,,
UN0991,,The Alchemist - Romeo,The Alchemist,1,,
UN0992,,The Alchemist - Romeo & Mykonos,The Alchemist,2,,
UN0993,,The Alchemist - Puri Putih,The Alchemist,1,,
UN0994,,The Beach House,The Beach House,2,,
UN0995,,The Brothers,,1,,
UN0996,,The Gong - 2BR,The Gong,2,,
UN0997,,The Gong - 3BR,The Gong,3,,
UN0998,,The Gong - 4BR,The Gong,4,,
UN0999,,The Gong - 5BR,The Gong,5,,
UN1000,,The Gong - 214 (Double),The Gong,1,,
UN1001,,The Gong - 215 (Double),The Gong,1,,
UN1002,,The Gong - 216 (Double),The Gong,1,,
UN1003,,The Gong - 217 (Double),The Gong,1,,
UN1004,,The Gong - 218 (Double),The Gong,1,,
UN1005,,The Gong - 219 (Double),The Gong,1,,
UN1006,,The Gong - 220 (Double),The Gong,1,,
UN1007,,The Gong - 221 (Double),The Gong,1,,
UN1008,,The Gong - 222 (Double),The Gong,1,,
UN1009,,The Gong - 223 (Double),The Gong,1,,
UN1010,,The Gong - 224 (Double Ocean View),The Gong,1,,
UN1011,,The Gong - 101 (Twin),The Gong,1,,
UN1012,,The Gong - 102 (Twin),The Gong,1,,
UN1013,,The Gong - 103 (Twin),The Gong,1,,
UN1014,,The Gong - 104 (Twin),The Gong,1,,
UN1015,,The Gong - 105 (Twin),The Gong,1,,
UN1016,,The Gong - 106 (Twin),The Gong,1,,
UN1017,,The Gong - 107 (Twin),The Gong,1,,
UN1018,,The Gong - 108 (Twin),The Gong,1,,
UN1019,,The Hideaway - 1,The Hideaway,1,,
UN1020,,The Hideaway - 2,The Hideaway,1,,
UN1021,,The Hideaway - 3,The Hideaway,1,,
UN1022,,The Hideaway - 4,The Hideaway,1,,
UN1023,2017-12-09,The Jarrdin 2BR - C228 - Rahmat,The Jarrdin Apartment,2,,
UN1024,2017-12-09,The Jarrdin 2BR - C522 - Rahmat,The Jarrdin Apartment,2,,
UN1025,2017-12-09,The Jarrdin 2BR - C527 - Rahmat,The Jarrdin Apartment,2,,
UN1026,2017-12-09,The Jarrdin 2BR - C1116 - Rahmat,The Jarrdin Apartment,2,,
UN1027,2017-12-09,The Jarrdin Studio 1 - Rahmat,The Jarrdin Apartment,1,,
UN1028,2017-12-09,The Jarrdin Studio 2 - Rahmat,The Jarrdin Apartment,1,,
UN1029,,The Jepun - 1,The Jepun Bingin,1,,
UN1030,,The Jepun - 2,The Jepun Bingin,1,,
UN1031,,The Jepun - 3,The Jepun Bingin,1,,
UN1032,,The Jepun - 4,The Jepun Bingin,1,,
UN1033,,The Kayuri - 1,The Kayuri Canggu,1,,
UN1034,,The Kayuri - 2,The Kayuri Canggu,1,,
UN1035,,The Kharma Villa - 1,The Khama Villas,1,,
UN1036,,The Kharma Villa - 2 (master room),The Khama Villas,3,,
UN1037,,The Kharma Villa - 3,The Khama Villas,3,,
UN1038,,The Kharma Villa - 4,The Khama Villas,3,,
UN1039,,The Kharma Villa - 5,The Khama Villas,3,,
UN1040,,The Kharma Villa - 6,The Khama Villas,3,,
UN1041,,The Kharma Villa - 7,The Khama Villas,3,,
UN1042,,The Pakis Hostel,The Pakis Hostel,1,,
UN1043,,The Paving - Deluxe Double 1,The Paving,1,,
UN1044,,The Paving - Deluxe Double 2,The Paving,1,,
UN1045,,The Paving - Deluxe 3,The Paving,1,,
UN1046,,The Paving - Deluxe 4,The Paving,1,,
UN1047,,The Paving - Deluxe 5,The Paving,1,,
UN1048,,The Paving - Deluxe Twin 1,The Paving,1,,
UN1049,,The Paving - Super Deluxe 1,The Paving,1,,
UN1050,,The Paving - Super Deluxe 2,The Paving,1,,
UN1051,,The Paving - Super Deluxe 3,The Paving,1,,
UN1052,,The Paving - Super Deluxe 4,The Paving,1,,
UN1053,,The White House,The White House,5,,
UN1054,,Three Monkeys - Deluxe 1 (double),Three Monkeys,1,,
UN1055,,Three Monkeys - Deluxe 2 (twin),Three Monkeys,1,,
UN1056,,Three Monkeys - Standard 1 (twin),Three Monkeys,1,,
UN1057,,Three Monkeys - Standard 2 (double),Three Monkeys,1,,
UN1058,,Tirtha Canggu Suites - 01,Tirtha Canggu Suites,1,,
UN1059,,Tirtha Canggu Suites - 02,Tirtha Canggu Suites,1,,
UN1060,,Tirtha Canggu Suites - 03,Tirtha Canggu Suites,1,,
UN1061,,Tirtha Canggu Suites - 04,Tirtha Canggu Suites,1,,
UN1062,,Tirtha Canggu Suites - 05,Tirtha Canggu Suites,1,,
UN1063,,Tirtha Canggu Suites - 06,Tirtha Canggu Suites,1,,
UN1064,,Tirtha Canggu Suites - 07,Tirtha Canggu Suites,1,,
UN1065,,Tirtha Canggu Suites - 08,Tirtha Canggu Suites,1,,
UN1066,,Tirtha Canggu Suites - 09,Tirtha Canggu Suites,1,,
UN1067,,Tirtha Canggu Suites - 10,Tirtha Canggu Suites,1,,
UN1068,,Tirtha Canggu Suites - 11,Tirtha Canggu Suites,1,,
UN1069,,Tirtha Canggu Suites - 12,Tirtha Canggu Suites,1,,
UN1070,,Tirtha Canggu Suites - 13,Tirtha Canggu Suites,1,,
UN1071,,Tirtha Canggu Suites - 14,Tirtha Canggu Suites,1,,
UN1072,,Tirtha Canggu Suites - 15,Tirtha Canggu Suites,1,,
UN1073,,Tirtha Canggu Suites - 16,Tirtha Canggu Suites,1,,
UN1074,,Tirtha Canggu Suites - 17,Tirtha Canggu Suites,1,,
UN1075,,Tirtha Canggu Suites - 18,Tirtha Canggu Suites,1,,
UN1076,,Tirtha Canggu Suites - 19,Tirtha Canggu Suites,1,,
UN1077,,Tirtha Canggu Suites - 20,Tirtha Canggu Suites,1,,
UN1078,,Tirtha Canggu Suites - 21,Tirtha Canggu Suites,1,,
UN1079,,Tirtha Canggu Suites - 22,Tirtha Canggu Suites,1,,
UN1080,,Tirtha Canggu Suites - 2BR,Tirtha Canggu Suites,2,,
UN1081,,Tirtha Canggu Suites - 8BR,Tirtha Canggu Suites,8,,
UN1082,,Tirto Raharjo - 1,Tirto Raharjo,1,,
UN1083,,Tirto Raharjo - 2,Tirto Raharjo,1,,
UN1084,,Tirto Raharjo - 3,Tirto Raharjo,1,,
UN1085,,Tirto Raharjo - 4,Tirto Raharjo,1,,
UN1086,,Tirto Raharjo - 5,Tirto Raharjo,1,,
UN1087,,Treehouse Suites - 1-Bedroom,Treehouse Suites,1,,
UN1088,,Treehouse Suites - Deluxe,Treehouse Suites,1,,
UN1089,,Treehouse Suites - Economy,Treehouse Suites,1,,
UN1090,,Treehouse Suites - Executive,Treehouse Suites,1,,
UN1091,,Treehouse Suites - Premium Executive,Treehouse Suites,1,,
UN1092,,Treehouse Suites - Superior,Treehouse Suites,1,,
UN1093,,Ubud Indah,Ubud Indah,3,,
UN1094,,Uluwatu Breeze - Twin,,1,,
UN1095,,Uluwatu Cottages - 11 (Double),Uluwatu Cottages,1,,
UN1096,,Uluwatu Cottages - 12 (Double),Uluwatu Cottages,1,,
UN1097,,Uluwatu Cottages - 13 (Double),Uluwatu Cottages,1,,
UN1098,,Uluwatu Cottages - 14 (Double),Uluwatu Cottages,1,,
UN1099,,Uluwatu Cottages - 15 (Double),Uluwatu Cottages,1,,
UN1100,,Uluwatu Cottages - 16 (Double),Uluwatu Cottages,1,,
UN1101,,Uluwatu Cottages - 17 (Double),Uluwatu Cottages,1,,
UN1102,,Uluwatu Cottages - 18 (Double),Uluwatu Cottages,1,,
UN1103,,Uluwatu Cottages - 19 (Double),Uluwatu Cottages,1,,
UN1104,,Uluwatu Cottages - 2 bedrooms,Uluwatu Cottages,1,,
UN1105,,Uluwatu Cottages - 20 (Double),Uluwatu Cottages,1,,
UN1106,,Uluwatu Cottages - 21 (Twin),Uluwatu Cottages,1,,
UN1107,,Uluwatu Cottages - 22 (Twin),Uluwatu Cottages,1,,
UN1108,,Uluwatu Cottages - 23 (Twin),Uluwatu Cottages,1,,
UN1109,,Uluwatu Cottages - 24 (Twin),Uluwatu Cottages,1,,
UN1110,,Uluwatu Cottages - 25 (Suite),Uluwatu Cottages,1,,
UN1111,,Uluwatu Cottages - 26 (Suite),Uluwatu Cottages,1,,
UN1112,,Uluwatu Cottages - 27 (Suite),Uluwatu Cottages,1,,
UN1113,,Uluwatu Cottages - 28 (Suite),Uluwatu Cottages,1,,
UN1114,,Uluwatu Cottages - 3 bedrooms,Uluwatu Cottages,3,,
UN1115,,Uluwatu Cottages - Double,Uluwatu Cottages,1,,
UN1116,,Uluwatu Cottages - Suite,Uluwatu Cottages,1,,
UN1117,,Uluwatu Jungle Villa - 1,Uluwatu Jungle Bugalow,1,,
UN1118,,Uluwatu Jungle Villa - 2,Uluwatu Jungle Bugalow,1,,
UN1119,,Uluwatu Jungle Villa - 2BR,Uluwatu Jungle Bugalow,2,,
UN1120,,Uluwatu Jungle Villa - 3,Uluwatu Jungle Bugalow,1,,
UN1121,,Uluwatu Jungle Villa - 3BR,Uluwatu Jungle Bugalow,3,,
UN1122,,Uluwatu Jungle Villa - 4,Uluwatu Jungle Bugalow,1,,
UN1123,,Uluwatu Jungle Villa - 4BR,Uluwatu Jungle Bugalow,4,,
UN1124,,Uluwatu Jungle Villa - 5,Uluwatu Jungle Bugalow,1,,
UN1125,,Uluwatu Jungle Villa - 8BR,Uluwatu Jungle Bugalow,8,,
UN1126,,Uluwatu Jungle Villa - 5BR,Uluwatu Jungle Bugalow,5,,
UN1127,,Uluwatu Jungle Villa - 6,Uluwatu Jungle Bugalow,1,,
UN1128,,Uluwatu Jungle Villa - 7,Uluwatu Jungle Bugalow,1,,
UN1129,,Uluwatu Jungle Villa - 8,Uluwatu Jungle Bugalow,1,,
UN1130,,Uluwatu Jungle Villa - 9,Uluwatu Jungle Bugalow,1,,
UN1131,,Uluwatu Jungle Villa - 10,Uluwatu Jungle Bugalow,1,,
UN1132,,Uluwatu Village House - 1,Uluwatu Village House,1,,
UN1133,,Uluwatu Village House - 2,Uluwatu Village House,1,,
UN1134,,Uluwatu Village House - 2BR,Uluwatu Village House,2,,
UN1135,,Uluwatu Village House - Bungalow 1,Uluwatu Village House,1,,
UN1136,,Uluwatu Village House - Bungalow 2,Uluwatu Village House,1,,
UN1137,,Uluwatu Village House - Bungalow 3,Uluwatu Village House,1,,
UN1138,,Uluwatu Village House - Bungalow 4,Uluwatu Village House,1,,
UN1139,,Uluwatu Village House - Bungalow 5,Uluwatu Village House,1,,
UN1140,,V Residence - Deluxe,V Residence,1,,
UN1141,,V Residence - Suite,V Residence,1,,
UN1142,,V Residence - Superior,V Residence,1,,
UN1143,,Villa 9 Nelayan - 01,Villa 9 Nelayan,1,,
UN1144,,Villa 9 Nelayan - 02,Villa 9 Nelayan,1,,
UN1145,,Villa 9 Nelayan - 03,Villa 9 Nelayan,1,,
UN1146,,Villa 9 Nelayan - 04 (bunk bed),Villa 9 Nelayan,1,,
UN1147,,Villa 9 Nelayan - 05 (bunk bed),Villa 9 Nelayan,1,,
UN1148,,Villa 9 Nelayan - 06 (bunk bed),Villa 9 Nelayan,1,,
UN1149,,Villa 9 Nelayan - 07,Villa 9 Nelayan,1,,
UN1150,,Villa 9 Nelayan - 08,Villa 9 Nelayan,1,,
UN1151,,Villa 9 Nelayan - 09,Villa 9 Nelayan,1,,
UN1152,,Villa 9 Nelayan - 10,Villa 9 Nelayan,1,,
UN1153,,Villa 9 Nelayan - 11,Villa 9 Nelayan,1,,
UN1154,,Villa 9 Nelayan - 12,Villa 9 Nelayan,1,,
UN1155,,Villa Ajee,Villa Ajee,2,,
UN1156,,Villa Akara,Villa Akara,2,,
UN1157,,Villa Akilea - 1,Villa Akilea,2,,
UN1158,,Villa Akilea - 2,Villa Akilea,2,,
UN1159,,Villa Akilea - 3,Villa Akilea,4,,
UN1160,,Villa Akilea - 4,Villa Akilea,3,,
UN1161,,Villa Akilea - 5,Villa Akilea,3,,
UN1162,,Villa AKL - Langit 1,Villa AKL,2,,
UN1163,,Villa AKL - Langit 2,Villa AKL,2,,
UN1164,,Villa AKL - Tukad 1,Villa AKL,2,,
UN1165,,Villa AKL - Tukad 2,Villa AKL,2,,
UN1166,,Villa Anak,Villa Anak,4,,
UN1167,,Villa Anak 2nd listing,Villa Anak,4,,
UN1168,,Villa Arca,Villa Arca,,,
UN1169,,Villa Arindra - 1,Villa Arindra,1,,
UN1170,,Villa Arindra - 2,Villa Arindra,1,,
UN1171,,Villa Arindra - 2 bedrooms,Villa Arindra,2,,
UN1172,,Villa Arindra - 3,Villa Arindra,1,,
UN1173,,Villa Arindra - 4,Villa Arindra,1,,
UN1174,,Villa Asmara,Villa Asmara,3,,
UN1175,,Villa Asmara - 2br,Villa Asmara,2,,
UN1176,,Villa Ayunan,Villa Ayunan,3,,
UN1177,,Villa Bagus,Villa Bagus,3,,
UN1178,,Villa Bali Cliff,Villa Bali Cliff,3,,
UN1179,,Villa Bambu - 1,Villa Bambu,1,,
UN1180,,Villa Bambu - 2,Villa Bambu,1,,
UN1181,,Villa Bambu - 3,Villa Bambu,1,,
UN1182,,Villa Be Home,Villa Be Home,4,,
UN1183,,Villa Bening,Villa Bening,3,,
UN1184,,Villa Bening - 2br,Villa Bening,2,,
UN1185,,Villa Bening - 3br,Villa Bening,3,,
UN1186,,Villa Bija - 3 bedroom villa,Villa Bija,3,,
UN1187,,Villa Bija - 6 bedroom villa,Villa Bija,6,,
UN1188,,Villa Bija - Apartment - 2BR,Villa Bija,2,,
UN1189,,Villa Bija - Apartment 2 (double),Villa Bija,1,,
UN1190,,Villa Bija - Apartment 3 (Double),Villa Bija,1,,
UN1191,,Villa Bija - Apartment 1,Villa Bija,1,,
UN1192,,Villa Bija - Apartment 4,Villa Bija,1,,
UN1193,,Villa Bija - Apartment 5,Villa Bija,1,,
UN1194,,Villa Bija - Apartment 6,Villa Bija,1,,
UN1195,,Villa Bingin Luna,Villa Bingin Luna,4,,
UN1196,,Pondok Ijo - Villa Bougenvile,Pondok Ijo,2,,
UN1197,,Pondok Ijo - Green,Pondok Ijo,1,,
UN1198,,Pondok Ijo - Red,Pondok Ijo,1,,
UN1199,,Pondok Ijo - Garden,Pondok Ijo,1,,
UN1200,,Pondok Ijo - Mozaic 3,,1,,
UN1201,,Pondok Ijo - Mozaic1,,1,,
UN1202,,Villa Bukit Surf,Villa Bukit Surf,3,,
UN1203,,Villa Bulan,Villa Bulan & Cahaya,3,,
UN1204,,Villa Bulan 2nd listing,Villa Bulan & Cahaya,3,,
UN1205,,Villa Cahaya,Villa Bulan & Cahaya,3,,
UN1206,,Villa Cerita Indah,Villa Cerita Indah,5,,
UN1207,,Villa Chicken Nuggets,,,,
UN1208,,Villa Diana,,,,
UN1209,,Villa Driftwood,Villa Driftwood,,,
UN1210,,Villa Entre Amis,Villa Entre Amis,5,,
UN1211,,Villa Enzo,Villa Enzo,,,
UN1212,,Villa Esther,,,,
UN1213,2017-01-22,Villa Ganesha,Villa Ganesha,4,,
UN1214,2017-12-12,Villa Hali Bali - 1 Bedroom,Villa Hali,1,,
UN1215,2017-12-12,Villa Hali Bali - 2 Bedroom,Villa Hali,2,,
UN1216,2017-12-12,Villa Hali Bali - Entire Villa,Villa Hali,3,,
UN1217,,Villa Hari Indah,Villa Hari Indah,,,
UN1218,2017-02-03,Villa Idaman - 1,Villa Idaman,1,,
UN1219,2017-02-03,Villa Idaman - 2,Villa Idaman,1,,
UN1220,2017-02-03,Villa Idaman - Whole Villa,Villa Idaman,2,,
UN1221,,Villa Indigo,Villa Indigo,,,
UN1222,2017-05-27,Villa Istana Willy,Villa Istana Willy,2,,
UN1223,2017-05-27,2BR - Villa Istana Willy,Villa Istana Willy,2,,
UN1224,2017-11-11,Villa Jonson,Villa Purnama,1,,
UN1225,2016-08-01,Villa Kama - 1,Villa Kama,2,,
UN1226,2016-08-01,Villa Kama - 1 2nd listing,Villa Kama,3,,
UN1227,2016-08-01,Villa Kama - 2,Villa Kama,3,,
UN1228,2016-08-01,Villa Kama - 3,Villa Kama,2,,
UN1229,2016-08-01,Villa Kama - 4,Villa Kama,3,,
UN1230,2017-05-29,Villa Kanha,Villa Kanha,2,,
UN1231,2017-11-06,Villa Karang,Villa Karang,4,,
UN1232,,Villa Khaleesi,Villa Khaleesi,,,
UN1233,2016-08-01,Gili Khumba Villas - 1 (1br),Gili Eco & Khumba Villas,1,,
UN1234,2016-08-01,Gili Khumba Villas - 2 (1br),Gili Eco & Khumba Villas,1,,
UN1235,2016-08-01,Gili Khumba Villas - 3 (2br),Gili Eco & Khumba Villas,2,,
UN1236,2016-08-01,Gili Khumba Villas - 4 (1br),Gili Eco & Khumba Villas,1,,
UN1237,2016-08-01,Gili Khumba Villas - 5 (2br),Gili Eco & Khumba Villas,2,,
UN1238,2016-08-01,Gili Khumba Villas - 6 (1br),Gili Eco & Khumba Villas,1,,
UN1239,2016-06-30,Villa Kura Kura,Villa Kura Kura,4,,
UN1240,2017-12-07,Villa Lila Loka - 1 (Double),Vila Lila Loka,1,,
UN1241,2017-12-07,Villa Lila Loka - 1 (Twin),Vila Lila Loka,1,,
UN1242,2017-12-07,Villa Lila Loka - 2 (Double),Vila Lila Loka,1,,
UN1243,2017-12-07,Villa Lila Loka - 2 (Twin),Vila Lila Loka,1,,
UN1244,2017-12-07,Villa Lila Loka - 3 (Double),Vila Lila Loka,1,,
UN1245,2017-12-07,Villa Lila Loka - 3 (Twin),Vila Lila Loka,1,,
UN1246,2017-12-07,Villa Lila Loka - 4 (Double),Vila Lila Loka,1,,
UN1247,2017-12-07,Villa Lila Loka - 4 (Twin),Vila Lila Loka,1,,
UN1248,2017-12-07,Villa Lila Loka - 5 (Double),Vila Lila Loka,1,,
UN1249,2017-12-07,Villa Lila Loka - 5 (Twin),Vila Lila Loka,1,,
UN1250,2017-12-07,Villa Lila Loka - 6 (Double),Vila Lila Loka,1,,
UN1251,2017-12-07,Villa Lila Loka - 7 (Double),Vila Lila Loka,1,,
UN1252,2016-06-30,Villa Loluan - 1,Villa Loluan,3,,
UN1253,2016-06-30,Villa Loluan - 2,Villa Loluan,3,,
UN1254,2017-02-20,Villa Malindo,Villa Malindo,3,,
UN1255,,Villa Mandalay,Villa Mandalay,,,
UN1256,2017-06-25,Villa Matahari,Villa Matahari,3,,
UN1257,2017-12-10,Villa Mediapura - B,Villa Siaga Raya 77 Mediapura,3,,
UN1258,2017-12-10,Villa Mediapura - E,Villa Siaga Raya 77 Mediapura,3,,
UN1259,2017-12-10,Villa Mediapura - F,Villa Siaga Raya 77 Mediapura,3,,
UN1260,2017-12-10,Villa Mediapura - J,Villa Siaga Raya 77 Mediapura,3,,
UN1261,2017-07-31,Villa Megalan,Villa Megalan,2,,
UN1262,2017-07-31,Villa Megalan - 1,Villa Megalan,2,,
UN1263,2017-07-31,Villa Megalan - 2,Villa Megalan,2,,
UN1264,2017-03-31,Villa Merdu,Villa Merdu,3,,
UN1265,2017-03-31,Villa Merdu 2nd listing,Villa Merdu,3,,
UN1266,,Villa Moyo Unit 3,Villa Moyo,,,
UN1267,2017-02-16,Villa Mundaka,Villa Mundaka,3,,
UN1268,,Villa Mynah,,,,
UN1269,2017-01-22,Villa Nazeki - 1,Villa Nazeki,4,,
UN1270,2017-01-22,Villa Nazeki - 2,Villa Nazeki,4,,
UN1271,2017-01-22,Villa Nazeki - 3,Villa Nazeki,4,,
UN1272,2017-01-22,Villa Nazeki - 4,Villa Nazeki,4,,
UN1273,2017-01-22,Villa Nazeki - 5,Villa Nazeki,4,,
UN1274,,Villa Ombak,,,,
UN1275,2016-06-30,Villa Papaya,Villa Zen & Papaya,3,,
UN1276,,Villa Plumeria,,,,
UN1277,2016-08-01,Villa Purnama,Villa Purnama,3,,
UN1278,2016-08-01,Villa Purnama 2nd listing,Villa Purnama,3,,
UN1279,2017-05-19,Villa Savasana,Villa Savasana,3,,
UN1280,2017-07-21,Villa Shanti 2BR,Villa Shanti,2,,
UN1281,2017-07-21,Villa Shanti 3BR,Villa Shanti,3,,
UN1282,2017-07-21,Villa Shanti 5BR,Villa Shanti,5,,
UN1283,,Villa Singa,Villa Singa,,,
UN1284,,Villa Singa - 1br,Villa Singa,,,
UN1285,,Villa Singa - 2br,Villa Singa,,,
UN1286,,Villa Singa - 3br,Villa Singa,,,
UN1287,,Villa Singa - 6br,Villa Singa,,,
UN1288,,Villa Sonia,Villa Sonia,,,
UN1289,,Villa Sotis,Villa Sotis,3,,
UN1290,2017-05-09,Villa Sunia,Villa Sunia,,,
UN1291,2017-05-09,Villa Sunia - 1,Villa Sunia,2,,
UN1292,2017-05-09,Villa Sunia - 2,VIlla Sunia,2,,
UN1293,2017-08-16,Villa Tortoise,Villa Tortoise,4,,
UN1294,2017-08-16,Villa Tortoise - Entire Property,Villa Tortoise,6,,
UN1295,2017-08-16,Villa Tortoise - Room 1,Villa Tortoise,1,,
UN1296,2017-08-16,Villa Tortoise - Room 2,Villa Tortoise,1,,
UN1297,2017-08-16,Villa Tortoise - Room 2 2nd listing,Villa Tortoise,1,,
UN1298,2017-04-11,Villa Toya,Villa Toya,2,,
UN1299,2017-04-11,Villa Toya 2nd listing,Villa Toya,2,,
UN1300,,Villa Tropicana,Villa Tropicana,,,
UN1301,,Villa Tykhe,Villa Tykhe,,,
UN1302,2017-09-02,Villa Vintage 1,Villa Vintage 1,2,,
UN1303,2016-06-30,Villa Zen,Villa Zen & Papaya,3,,
UN1304,,Villas Kemang Timur - 5,Villas Kemang Timur 5,,,
UN1305,,Vivo Villas B Unit,Vivo Villas,,,
UN1306,2017-10-21,VOC Guesthouse - 1,VOC,1,,
UN1307,2017-10-21,VOC Guesthouse - 2,VOC,1,,
UN1308,2017-10-21,VOC Guesthouse - 3,VOC,1,,
UN1309,2017-10-21,VOC Guesthouse - 4,VOC,1,,
UN1310,2017-10-21,VOC Guesthouse - 5,VOC,1,,
UN1311,2017-10-21,VOC Guesthouse - 6,VOC,1,,
UN1312,,White Coconut,White Coconut,,,
UN1313,2018-01-09,Watusaman Fullhouse,Watusaman Homestay,7,,
UN1314,2018-01-09,Watusaman - Deluxe,Watusaman Homestay,1,,
UN1315,2018-01-09,Watusaman - Standard,Watusaman Homestay,1,,
UN1316,2018-01-09,Watusaman - Superior 1,Watusaman Homestay,1,,
UN1317,2018-01-09,Watusaman - Superior 2,Watusaman Homestay,1,,
UN1318,2018-01-09,Watusaman - Superior 3,Watusaman Homestay,1,,
UN1319,2018-01-09,Watusaman - Superior 4,Watusaman Homestay,1,,
UN1320,2018-01-09,Watusaman - Superior 5,Watusaman Homestay,1,,
UN1321,2017-02-16,Wira Homestay - 10,Wira Homestay,1,,
UN1322,2017-02-16,Wira Homestay - 11,Wira Homestay,1,,
UN1323,2017-02-16,Wira Homestay - 12,Wira Homestay,1,,
UN1324,2017-02-16,Wira Homestay - 14,Wira Homestay,1,,
UN1325,2017-02-16,Wira Homestay - 15,Wira Homestay,1,,
UN1326,2017-02-16,Wira Homestay - 16,Wira Homestay,1,,
UN1327,2017-02-16,Wira Homestay - 18,Wira Homestay,1,,
UN1328,2017-02-16,Wira Homestay - 19,Wira Homestay,1,,
UN1329,2017-02-16,Wira Homestay - 20,Wira Homestay,1,,
UN1330,2017-02-16,Wira Homestay - 21,Wira Homestay,1,,
UN1331,2017-02-16,Wira Homestay - 22,Wira Homestay,1,,
UN1332,2017-09-21,Wiras Village - 1 (double),Wiras Village,1,,
UN1333,2017-09-21,Wiras Village - 2 (double),Wiras Village,1,,
UN1334,2017-09-21,Wiras Village - Twin 1,Wiras Village,1,,
UN1335,2017-11-27,Yoga Searcher - 1,Yoga Searcher,1,,
UN1336,2017-11-27,Yoga Searcher - 2,Yoga Searcher,1,,
UN1337,2017-11-27,Yoga Searcher - 3,Yoga Searcher,1,,
UN1338,2017-11-27,Yoga Searcher - 4,Yoga Searcher,1,,
UN1339,2017-11-27,Yoga Searcher - 5,Yoga Searcher,1,,
UN1340,2017-11-27,Yoga Searcher - 6,Yoga Searcher,1,,
UN1341,2017-11-27,Yoga Searcher - 7,Yoga Searcher,1,,
UN1342,2017-11-27,Yoga Searcher - 8,Yoga Searcher,1,,
UN1343,2017-12-29,Dago Village - Bu Luki,Dago Village,,,
UN1344,2017-12-28,Dago Village - Bu Ami,Dago Village,,,
UN1345,2018-01-06,Dago Village - Bu Fenti - SkyFall Villa,Dago Village,3,,
UN1346,2018-01-06,Dago Village - Bu Fenti - SkyFall Villa 2nd listing,Dago Village,3,,
UN1347,2018-01-04,Denpasar Residence - 2BR - A,Denpasar Residence,2,,
UN1348,2018-01-04,Denpasar Residence - 2BR - B,Denpasar Residence,2,,
UN1349,2018-01-04,Villa Rizki,Villa Rizki,3,,
UN1350,2018-01-04,Adi Bali Homestay - T1,Adi Bali Homestay,1,,
UN1351,2018-01-04,Adi Bali Homestay - T2,Adi Bali Homestay,1,,
UN1352,2018-01-04,Adi Bali Homestay - D1,Adi Bali Homestay,1,,
UN1353,2018-01-04,Adi Bali Homestay - D2,Adi Bali Homestay,1,,
UN1354,2018-01-07,Villa Rama,Villa Rama,3,,
UN1355,2018-01-07,Villa Sinta,Villa Rama,3,,
UN1356,2017-12-09,The Jarrdin 2BR - C2229 - Rahmat,The Jarrdin Apartment,2,,
UN1357,2017-12-10,Villa Mediapura - 2 Villas - F&J,Villa Siaga Raya 77 Mediapura,3,,
UN1358,2018-01-11,Rumah Eyang,Rumah Eyang,,,
UN1359,2018-01-14,Kubu Pande Homestay - Double 1,Kubu Pande Homestay,1,,
UN1360,2018-01-14,Kubu Pande Homestay - Double 2,Kubu Pande Homestay,1,,
UN1361,2018-01-14,Kubu Pande Homestay - Double 3,Kubu Pande Homestay,1,,
UN1362,2018-01-14,Kubu Pande Homestay - Double 4,Kubu Pande Homestay,1,,
UN1363,2018-01-14,Kubu Pande Homestay - Twin 1,Kubu Pande Homestay,1,,
UN1364,2018-01-14,Kubu Pande Homestay - Double 5,Kubu Pande Homestay,1,,
UN1365,2018-01-14,Kubu Pande Homestay - Double 6,Kubu Pande Homestay,1,,
UN1366,2018-01-14,Kubu Pande Homestay - 2 Rooms,Kubu Pande Homestay,2,,
UN1367,,Indira Cottage - Standard 1,Indira Cottage,,,
UN1368,,Indira Cottage - Superior 1,Indira Cottage,,,
UN1369,,Indira Cottage - Deluxe 1,Indira Cottage,,,
UN1370,2018-01-19,Bamboo Villa - 1,Bamboo Villas,3,,
UN1371,2017-12-07,Ndalem Kasongan - Whole House,Ndalem Kasongan,5,,
UN1372,2018-01-25,Villa The Cantri - 3BR Hook,Villa The Cantri,3,,
UN1373,2018-01-25,Villa The Cantri - 3BR Standard,Villa The Cantri,3,,
UN1374,2018-01-25,Villa The Cantri - 2BR,Villa The Cantri,2,,
UN1375,2018-01-28,808 Residence - Family Room,808 Residence,1,,
UN1376,2018-01-28,808 Residence - Standard Room,808 Residence,1,,
UN1377,2018-01-28,808 Residence - Deluxe Room,808 Residence,1,,
UN1378,2018-01-28,808 Residence - Apartment,808 Residence,1,,
UN1379,2017-06-15,Kampung Jimba - Ulu A,Kampung Jimba,1,,
UN1380,2017-06-15,Kampung Jimba - Ulu B,Kampung Jimba,1,,
UN1381,2017-06-15,Kampung Jimba - Nias A,Kampung Jimba,1,,
UN1382,2017-06-15,Kampung Jimba - Nias B,Kampung Jimba,1,,
UN1383,2017-10-06,D'Java Timuran - 1,D'Java Timuran,1,,
UN1384,2017-10-06,D'Java Timuran - 2,D'Java Timuran,1,,
UN1385,2017-10-06,D'Java Timuran - 3,D'Java Timuran,1,,
UN1386,2017-10-06,D'Java Timuran - 4,D'Java Timuran,1,,
UN1387,2017-10-06,D'Java Timuran - 5,D'Java Timuran,1,,
UN1388,2017-10-06,D'Java Timuran - 6,D'Java Timuran,1,,
UN1389,2017-10-06,D'Java Timuran - 7,D'Java Timuran,1,,
UN1390,2017-10-06,D'Java Timuran - 8,D'Java Timuran,1,,
UN1391,2018-01-31,Rumah Kemang 50,Rumah Kemang 50,3,,
UN1392,2018-01-28,Pendopo 26 ( Whole Villa ),Pendopo 26,8,,
UN1393,,Dago Butik Apartment,Dago Butik Apartment,1,,
UN1394,2018-02-06,Griya Siwi,Griya Siwi,3,,
UN1395,2018-02-14,Teges Asri - 1,Teges Asri,1,,
UN1396,2018-02-14,Teges Asri - 2,Teges Asri,1,,
UN1397,2018-02-14,Teges Asri - 3,Teges Asri,1,,
UN1398,2018-02-14,Teges Asri - 4,Teges Asri,1,,
UN1399,2018-02-14,Teges Asri - 5,Teges Asri,1,,
UN1400,2018-02-14,Teges Asri - 6,Teges Asri,1,,
UN1401,2018-02-14,Teges Asri - 7 (studio),Teges Asri,1,,
UN1402,2018-02-14,Teges Asri - 7 BR,Teges Asri,7,,
UN1403,2018-02-14,Teges Asri - 2 BR,Teges Asri,2,,
UN1404,2018-01-17,Roemah Canting - Std Single - Galaran,Roemah Canting,1,,
UN1405,2018-01-17,Roemah Canting - Std Double - Byok,Roemah Canting,1,,
UN1406,2018-01-17,Roemah Canting - Std Double - Liman,Roemah Canting,1,,
UN1407,2018-01-17,Roemah Canting - Std Double - Nembok,Roemah Canting,1,,
UN1408,2018-01-17,Roemah Canting - Std Double - Cecekani,Roemah Canting,1,,
UN1409,2018-01-17,Roemah Canting - Std Twin - Nitik,Roemah Canting,1,,
UN1410,2018-01-17,Roemah Canting - Std Dlx - Wayang,Roemah Canting,1,,
UN1411,2018-01-17,Roemah Canting - Std Dlx - Nyamplung,Roemah Canting,1,,
UN1412,2018-01-17,Roemah Canting - Std Dlx Twin - Loron ( T ),Roemah Canting,1,,
UN1413,2018-01-17,Roemah Canting - Std Dlx - RengReng,Roemah Canting,1,,
UN1414,2018-01-17,Roemah Canting - Fam -  Telon,Roemah Canting,1,,
UN1415,2018-01-17,Roemah Canting - Whole House,Roemah Canting,11,,
UN1416,2018-01-30,JogjaDreams Family Villa,Jogja Dreams,2,,
UN1417,2018-02-19,Griya Wirosaban,Griya Wirosaban,3,,
UN1418,2018-02-07,Griya Asih - 1 ( Twin ),Griya Asih,1,,
UN1419,2018-02-07,Griya Asih - 2 ( Twin ),Griya Asih,1,,
UN1420,2018-02-07,Griya Asih - 3 ( Double ),Griya Asih,1,,
UN1421,2018-02-07,Griya Asih - 4 ( Double ),Griya Asih,1,,
UN1422,2018-02-07,Griya Asih - 5 ( Twin ),Griya Asih,1,,
UN1423,2018-02-07,Griya Asih - 6 ( Double ),Griya Asih,1,,
UN1424,2018-02-07,Griya Asih - Whole villa,Griya Asih,6,,
UN1425,2018-02-13,Tegal Panggung - Deluxe 1,Tegal Panggung,1,,
UN1426,2018-02-13,Tegal Panggung - Deluxe 2,Tegal Panggung,1,,
UN1427,2018-02-13,Tegal Panggung - Deluxe 3,Tegal Panggung,1,,
UN1428,2018-02-13,Tegal Panggung - Deluxe 4,Tegal Panggung,1,,
UN1429,2018-02-13,Tegal Panggung - Deluxe 5,Tegal Panggung,1,,
UN1430,2018-02-13,Tegal Panggung - Executive,Tegal Panggung,1,,
UN1431,2018-02-13,Tegal Panggung - Pavilion,Tegal Panggung,1,,
UN1432,2018-01-17,Bali Omah - 1 w/ bathroom,Bali Omah,,,
UN1433,2018-01-17,Bali Omah - 2,Bali Omah,,,
UN1434,2018-01-17,Bali Omah - 3,Bali Omah,,,
UN1435,2018-01-17,Bali Omah - 4,Bali Omah,,,
UN1436,2018-01-17,Bali Omah,Bali Omah,,,
UN1437,2017-03-20,Villa Merdu - 1,Villa Merdu,1,,
UN1438,2017-03-20,Villa Merdu - 2,Villa Merdu,1,,
UN1439,2017-03-20,Villa Merdu - 3,Villa Merdu,1,,
UN1440,2018-01-27,Pendopo 26 - 2,Pendopo 26,1,,
UN1441,2018-01-27,Pendopo 26 - 3 ( Family ),Pendopo 26,1,,
UN1442,2018-01-27,Pendopo 26 - 4,Pendopo 26,1,,
UN1443,2018-01-27,Pendopo 26 - 5,Pendopo 26,1,,
UN1444,2018-01-27,Pendopo 26 - 6,Pendopo 26,1,,
UN1445,2018-01-27,Pendopo 26 - 7,Pendopo 26,1,,
UN1446,2018-01-27,Pendopo 26 - 8,Pendopo 26,1,,
UN1447,2018-01-27,Pendopo 26 - 9,Pendopo 26,1,,
UN1448,2018-02-15,Toras Guesthouse - 1,Toras Guesthouse,1,,
UN1449,2018-02-15,Toras Guesthouse - 2,Toras Guesthouse,1,,
UN1450,2018-02-15,Toras Guesthouse - 3,Toras Guesthouse,1,,
UN1451,2018-02-15,Toras Guesthouse - 4,Toras Guesthouse,1,,
UN1452,2018-02-15,Toras Guesthouse - 5,Toras Guesthouse,1,,
UN1453,2018-02-15,Toras Guesthouse - 6,Toras Guesthouse,1,,
UN1454,2018-02-15,Toras Guesthouse - 7,Toras Guesthouse,1,,
UN1455,2018-02-15,Toras Guesthouse - 8,Toras Guesthouse,1,,
UN1456,2018-02-02,Omah Ucok - Wood,Umah Ucok,1,,
UN1457,2018-02-02,Omah Ucok - Brick,Umah Ucok,1,,
UN1458,2018-02-02,Omah Ucok - Stone,Umah Ucok,1,,
UN1459,2018-02-02,Omah Ucok - Family Wood,Umah Ucok,2,,
UN1460,2018-02-02,Omah Ucok - Family Brick,Umah Ucok,2,,
UN1461,2018-02-03,Rumah Kami,Rumah Kami,7,,
UN1462,2018-02-03,Rumah Kami Langenarjan,Rumah Kami,3,,
UN1463,2018-03-07,Puri Casablanca - 2BR - Tower C,Puri Casablanca,2,,
UN1464,2018-03-07,Puri Casablanca - 4BR - Tower D,Puri Casablanca,4,,
UN1465,2017-12-09,The Jarrdin 2BR - CXXX - Rahmat,The Jarrdin Apartment,2,,
UN1466,2018-03-24,Villa Casa Mia,Villa Casa Mia,4,,
UN1467,2018-03-24,Villa Casa Mia - Room 1,Villa Casa Mia,1,,
UN1468,2018-03-24,Villa Casa Mia - Room 2,Villa Casa Mia,1,,
UN1469,2018-03-24,Villa Casa Mia - Room 3,Villa Casa Mia,1,,
UN1470,2018-03-24,Villa Casa Mia - Room 4,Villa Casa Mia,1,,
UN1471,2018-03-24,Omah JeTeHa,Omah JeTeHa,3,,
UN1472,2018-03-12,William's Place - Green ( 1st F ),William's Place,,,
UN1473,2018-03-12,William's Place - Blue ( 1st F ),William's Place,,,
UN1474,2018-03-12,William's Place - Brown ( 2nd F ),William's Place,,,
UN1475,2018-03-12,William's Place - Grey ( 2nd F ),William's Place,,,
UN1476,2018-03-12,William's Place - Whole Villa,William's Place,,,
UN1477,2018-03-19,Raka & Rai Guesthouse - 1,Raka & Rai Guesthouse,1,,
UN1478,2018-03-19,Raka & Rai Guesthouse - 2,Raka & Rai Guesthouse,1,,
UN1479,2018-03-19,Raka & Rai Guesthouse - 3,Raka & Rai Guesthouse,1,,
UN1480,2018-03-19,Raka & Rai Guesthouse - 4,Raka & Rai Guesthouse,1,,
UN1481,2018-03-19,Raka & Rai Guesthouse - 5,Raka & Rai Guesthouse,1,,
UN1482,2018-03-19,Raka & Rai Guesthouse - 6,Raka & Rai Guesthouse,1,,
UN1483,2018-03-19,Raka & Rai Guesthouse - 7,Raka & Rai Guesthouse,1,,
UN1484,2018-03-19,Raka & Rai Guesthouse - 8,Raka & Rai Guesthouse,1,,
UN1485,2018-03-19,Raka & Rai Guesthouse - 9,Raka & Rai Guesthouse,1,,
UN1486,2018-03-19,Raka & Rai Guesthouse - 2BR,Raka & Rai Guesthouse,2,,
UN1487,2018-03-19,Raka & Rai Guesthouse - 9BR,Raka & Rai Guesthouse,9,,
UN1488,2018-03-30,Toya Villa - Orchid 1,Toya Villa Ubud,1,,
UN1489,2018-03-30,Toya Villa - Orchid 2,Toya Villa Ubud,1,,
UN1490,2018-03-30,Toya Villa - Orchid 3,Toya Villa Ubud,1,,
UN1491,2018-03-30,Toya Villa - Orchid 4,Toya Villa Ubud,1,,
UN1492,2018-03-30,Toya Villa - Magnolia 1,Toya Villa Ubud,1,,
UN1493,2018-03-30,Toya Villa - Magnolia 2,Toya Villa Ubud,1,,
UN1494,2018-03-30,Toya Villa - Magnolia 4,Toya Villa Ubud,1,,
UN1495,2018-03-30,Toya Villa - Magnolia 5,Toya Villa Ubud,1,,
UN1496,2018-03-30,Toya Villa - 9BR,Toya Villa Ubud,9,,
UN1497,2018-03-30,Toya Villa - 2BR,Toya Villa Ubud,2,,
UN1498,2018-03-01,Wisma Eyang Sosro - 1,Wisma Eyang Sosro,1,,
UN1499,2018-03-01,Wisma Eyang Sosro - 2,Wisma Eyang Sosro,1,,
UN1500,2018-03-01,Wisma Eyang Sosro - 3,Wisma Eyang Sosro,1,,
UN1501,2018-03-01,Wisma Eyang Sosro - 4 (Twin Bed),Wisma Eyang Sosro,1,,
UN1502,2018-03-01,Wisma Eyang Sosro - 5,Wisma Eyang Sosro,1,,
UN1503,2018-03-01,Wisma Eyang Sosro - 6,Wisma Eyang Sosro,1,,
UN1504,2018-03-01,Wisma Eyang Sosro - 7,Wisma Eyang Sosro,1,,
UN1505,2018-03-01,Wisma Eyang Sosro - 8,Wisma Eyang Sosro,1,,
UN1506,2018-03-01,Wisma Eyang Sosro - 9,Wisma Eyang Sosro,1,,
UN1507,2018-04-01,Villa Cenik Ubud - Cenik 1,Villa Cenik Ubud,1,,
UN1508,2018-04-01,Villa Cenik Ubud - Cenik 2,Villa Cenik Ubud,1,,
UN1509,2018-04-01,Villa Cenik Ubud - Cenik 3,Villa Cenik Ubud,1,,
UN1510,2018-04-01,Villa Cenik Ubud - Cenik 4,Villa Cenik Ubud,1,,
UN1511,2018-04-02,Vinnayaka Guesthouse - 1,Vinnayaka Guesthouse,1,,
UN1512,2018-04-02,Vinnayaka Guesthouse - 2,Vinnayaka Guesthouse,1,,
UN1513,2018-04-02,Vinnayaka Guesthouse - 3,Vinnayaka Guesthouse,1,,
UN1514,2018-04-02,Vinnayaka Guesthouse - 4,Vinnayaka Guesthouse,1,,
UN1515,2018-04-02,Suci Sari - 1 (2BR),The Suci Sari,2,,
UN1516,2018-04-02,Suci Sari - 2 (2BR),The Suci Sari,2,,
UN1517,2018-04-02,Suci Sari - 3 (3BR),The Suci Sari,3,,
UN1518,2018-04-09,Melin Inn - 1A,Melin Inn,1,,
UN1519,2018-04-09,Melin Inn - 1B,Melin Inn,1,,
UN1520,2018-04-09,Melin Inn - 2A,Melin Inn,1,,
UN1521,2018-04-09,Melin Inn - 2B,Melin Inn,1,,
UN1522,2018-04-09,Melin Inn - 3 ( Family ),Melin Inn,1,,
UN1523,2018-04-15,Batu Agung - Wooden House 1,Batu Agung Villa,1,,
UN1524,2018-04-15,Batu Agung - Wooden House 2,Batu Agung Villa,1,,
UN1525,2018-04-15,Batu Agung - Wooden House 3,Batu Agung Villa,1,,
UN1526,2018-04-15,Batu Agung - Wooden House 4,Batu Agung Villa,1,,
UN1527,2018-04-15,Batu Agung - Wooden House 5,Batu Agung Villa,1,,
UN1528,2018-04-15,Batu Agung - Standard Room 1,Batu Agung Villa,1,,
UN1529,2018-04-15,Batu Agung - Standard Room 2,Batu Agung Villa,1,,
UN1530,2018-04-15,Batu Agung - Standard Villa 1,Batu Agung Villa,1,,
UN1531,2018-04-15,Batu Agung - Standard Villa 2,Batu Agung Villa,1,,
UN1532,2018-04-15,Batu Agung - Standard Villa 3,Batu Agung Villa,1,,
UN1533,2018-04-15,Batu Agung - 2 BR Villa,Batu Agung Villa,2,,
UN1534,2018-04-15,Batu Agung - 3 BR Villa,Batu Agung Villa,3,,
UN1535,2018-04-21,Bingin Ombak Standard - 1,Bingin Ombak,1,,
UN1536,2018-04-21,Bingin Ombak Standard - 2,Bingin Ombak,1,,
UN1537,2018-04-21,Bingin Ombak Standard - 3,Bingin Ombak,1,,
UN1538,2018-04-21,Bingin Ombak Standard - 4,Bingin Ombak,1,,
UN1539,2018-04-21,Bingin Ombak Apartment - 1 Lantai 1,Bingin Ombak,1,,
UN1540,2018-04-21,Bingin Ombak Apartment - 2 Lantai 2,Bingin Ombak,1,,
UN1541,2018-04-21,Bingin Ombak Family Aparment,Bingin Ombak,1,,
UN1542,2018-04-25,The Landmark 30-06,Little Cabin - The Landmark,,,
UN1543,2018-04-25,The Landmark 30-05,Little Cabin - The Landmark,,,
UN1544,2018-04-25,The Landmark 29-07,Little Cabin - The Landmark,,,
UN1545,2018-04-25,The Landmark 29-02,Little Cabin - The Landmark,,,
UN1546,2018-04-25,The Landmark 26-02,Little Cabin - The Landmark,,,
UN1547,2018-04-25,The Landmark 25-02,Little Cabin - The Landmark,,,
UN1548,2018-04-25,The Landmark 23-3A,Little Cabin - The Landmark,,,
UN1549,2018-04-25,The Landmark 20-03,Little Cabin - The Landmark,,,
UN1550,2018-04-25,The Landmark 18-06,Little Cabin - The Landmark,,,
UN1551,2018-04-25,The Landmark 18-05,Little Cabin - The Landmark,,,
UN1552,2018-04-25,The Landmark 18-3A,Little Cabin - The Landmark,,,
UN1553,2018-04-25,The Landmark 18-03,Little Cabin - The Landmark,,,
UN1554,2018-04-25,The Landmark 18-01,Little Cabin - The Landmark,,,
UN1555,2018-04-25,Villa Luna,Villa Luna,3,,
UN1556,2018-05-02,Summergrass - Standard room 01,Summergrass,1,,
UN1557,2018-05-02,Summergrass - Standard room 02,Summergrass,1,,
UN1558,2018-05-02,Summergrass - Twin room 03,Summergrass,1,,
UN1559,2018-05-02,Summergrass - Standard room 04,Summergrass,1,,
UN1560,2018-05-02,Summergrass - Standard room 05,Summergrass,1,,
UN1561,2018-05-02,Summergrass - Entire Property,Summergrass,1,,
UN1562,2018-05-02,Posnya Seni Godod - Merapi,Posnya Seni Godod,1,,
UN1563,2018-05-03,WK Gamat Garden Villa  -  Private Pool Villa,WK Gamat Garden VIlla,1,,
UN1564,2018-05-03,WK Gamat Garden Villa  -  Villa 1 ( D ),WK Gamat Garden VIlla,1,,
UN1565,2018-05-03,WK Gamat Garden Villa - Villa 2 ( T ),WK Gamat Garden VIlla,1,,
UN1566,2018-05-03,WK Gamat Garden Villa - Villa 3 ( D ),WK Gamat Garden VIlla,1,,
UN1567,2018-05-03,WK Gamat Garden Villa - Villa 4 ( D ),WK Gamat Garden VIlla,1,,
UN1568,2018-05-04,Bale Tudor - House's,Bale Tudor,,,
UN1569,2018-05-04,Bale Tudor - Villa Cassandra,Bale Tudor,2,,
UN1570,2018-05-04,Bale Tudor - Cassandra 1,Bale Tudor,1,,
UN1571,2018-05-04,Bale Tudor - Cassandra 2,Bale Tudor,1,,
UN1572,2018-05-04,Bale Tudor - Villa James,Bale Tudor,2,,
UN1573,2018-05-04,Bale Tudor - James 1,Bale Tudor,1,,
UN1574,2018-05-04,Bale Tudor - James 2,Bale Tudor,1,,
UN1575,2018-05-04,Bale Tudor - Villa Russel,Bale Tudor,2,,
UN1576,2018-05-04,Bale Tudor - Russel 1,Bale Tudor,1,,
UN1577,2018-05-04,Bale Tudor - Russel 2,Bale Tudor,1,,
UN1578,2018-05-04,Bale Tudor - Whole Resort,Bale Tudor,,,
UN1579,2018-05-04,Bale Tudor - James & Russel 4BR,Bale Tudor,4,,
UN1580,2018-05-09,Pondok Joglo Odit - Wooden 1 (T),Pondok Joglo Odit,1,,
UN1581,2018-05-09,Pondok Joglo Odit - Wooden 2 (D),Pondok Joglo Odit,1,,
UN1582,2018-05-09,Pondok Joglo Odit - Wooden 3 (D),Pondok Joglo Odit,1,,
UN1583,2018-05-09,Pondok Joglo Odit - Wooden 4 (D),Pondok Joglo Odit,1,,
UN1584,2018-05-09,Pondok Joglo Odit - Whole Villa,Pondok Joglo Odit,4,,
UN1585,2018-05-12,Villa Kulat (Entire),Villa Kulat,3,,
UN1586,2018-05-18,Griya Bausasran 52 - 1,Griya Bausasran 52,1,,
UN1587,2018-05-18,Griya Bausasran 52 - 2,Griya Bausasran 52,1,,
UN1588,2018-05-18,Griya Bausasran 52 - 3,Griya Bausasran 52,1,,
UN1589,2018-05-18,Griya Bausasran 52 - Entire House,Griya Bausasran 52,3,,
UN1590,2018-05-19,Bingin Surf Left - Room 1A,Bingin Surf Left,1,,
UN1591,2018-05-19,Bingin Surf Left - Room 2A,Bingin Surf Left,1,,
UN1592,2018-05-19,Bingin Surf Left - Room 3A,Bingin Surf Left,1,,
UN1593,2018-05-21,Villa Kulat (2 BR),Villa Kulat,2,,
UN1594,2018-05-26,Cabana Krui Lampung,Cabana Krui Lampung,,,
UN1595,2018-05-27,Joglo Agung,Joglo Agung,,,
UN1596,2018-05-27,Rumah Agung,Joglo Agung,,,
UN1597,2018-05-28,Bali Shanti - 102,Bali Shanti,1,,
UN1598,2018-05-29,Tamu Ibu,Tamu Ibu,4,,
UN1599,2018-06-12,Griya Tiyasan,Griya Tiyasan,3,,
UN1600,2018-06-12,Lorong Homestay - Omah Ngarep,Lorong Homestay,2,,
UN1601,2018-06-12,Lorong Homestay - Petruk,Lorong Homestay,1,,
UN1602,2018-06-12,Lorong Homestay - Togog,Lorong Homestay,1,,
UN1603,2018-06-12,Lorong Homestay - Mbilung,Lorong Homestay,1,,
UN1604,2018-06-12,Lorong Homestay - Omah Mburi,Lorong Homestay,4,,
UN1605,2018-06-12,Lorong Homestay - Bagong,Lorong Homestay,1,,
UN1606,2018-06-12,Lorong Homestay - Semar,Lorong Homestay,1,,
UN1607,2018-06-12,Lorong Homestay - Gareng,Lorong Homestay,1,,
UN1608,2018-06-08,Double D Guesthouse - 4BR,Double D Guesthouse,4,,
UN1609,2018-06-09,Sannyas - 1 (Hollywood + Bath),Sannyas Yoga House,1,,
UN1610,2018-06-09,Sannyas - 10 (Valentina's Room),Sannyas Yoga House,1,,
UN1611,2018-06-09,Sannyas - 2 (Hollywood + Bath),Sannyas Yoga House,1,,
UN1612,2018-06-09,Sannyas - 3 (Hollywood + Shower),Sannyas Yoga House,1,,
UN1613,2018-06-09,Sannyas - 4 (Double + Bath),Sannyas Yoga House,1,,
UN1614,2018-06-09,Sannyas - 5 (Twin + Shower),Sannyas Yoga House,1,,
UN1615,2018-06-09,Sannyas - 6a (Quad),Sannyas Yoga House,1,,
UN1616,2018-06-09,Sannyas - 6b (Quad),Sannyas Yoga House,1,,
UN1617,2018-06-09,Sannyas - 6c (Quad),Sannyas Yoga House,1,,
UN1618,2018-06-09,Sannyas - 6d (Quad),Sannyas Yoga House,1,,
UN1619,2018-06-09,Sannyas - 7a (Triple),Sannyas Yoga House,1,,
UN1620,2018-06-09,Sannyas - 7b (Triple),Sannyas Yoga House,1,,
UN1621,2018-06-09,Sannyas - 7c (Triple),Sannyas Yoga House,1,,
UN1622,2018-06-09,Sannyas - 8 (Twin + Shower),Sannyas Yoga House,1,,
UN1623,2018-06-09,Sannyas - 9 (Twin + Shower),Sannyas Yoga House,1,,
UN1624,2018-06-10,Wabisabi - 1 (double),Wabisabi,1,,
UN1625,2018-06-10,Wabisabi - 2 (double),Wabisabi,1,,
UN1626,2018-06-10,Wabisabi - 3 (twin),Wabisabi,1,,
UN1627,2018-06-10,Wabisabi - 4 (double),Wabisabi,1,,
UN1628,2018-06-10,Wabisabi - Entire House,Wabisabi,4,,
UN1629,2018-06-11,808 Residence - Rose,808 Residence,1,,
UN1630,2018-06-11,808 Residence - Lotus,808 Residence,1,,
UN1631,2018-06-11,808 Residence - Daisy,808 Residence,1,,
UN1632,,Villa Entre Amis,Villa Entre Amis,4,,
UN1633,2018-06-17,Mule Malu - King Double,Mule Malu,1,,
UN1634,2018-06-17,Mule Malu - Queen Double,Mule Malu,1,,
UN1635,2018-06-23,Sesapi Putih,Sesapi Putih,2,,
UN1636,2018-06-26,Shankara - Bungalow 1,Shankara Guesthouse,1,,
UN1637,2018-06-26,Shankara - Bungalow 2,Shankara Guesthouse,1,,
UN1638,2018-06-26,Shankara - Bungalow 3,Shankara Guesthouse,1,,
UN1639,2018-06-26,Shankara - Bungalow 4,Shankara Guesthouse,1,,
UN1640,2018-06-26,Shankara - Bungalow 5,Shankara Guesthouse,1,,
UN1641,2018-06-28,Coffee Network - Bungalow 1,Coffee Network,1,,
UN1642,2018-06-28,Coffee Network - Bungalow 2,Coffee Network,1,,
UN1643,2018-06-28,Coffee Network - Bungalow 3,Coffee Network,1,,
UN1644,2018-06-28,Coffee Network - Bungalow 4,Coffee Network,1,,
UN1645,2018-06-28,Coffee Network - Bungalow 5,Coffee Network,1,,
UN1646,2018-06-28,Coffee Network - Bungalow 6,Coffee Network,1,,
UN1647,2018-06-28,Sinar Sari - Room 1,Sinar Sari Bingin,1,,
UN1648,2018-06-28,Sinar Sari - Room 2,Sinar Sari Bingin,1,,
UN1649,2018-06-28,Sinar Sari - Room 3,Sinar Sari Bingin,1,,
UN1650,2018-06-28,Sinar Sari - Room 4,Sinar Sari Bingin,1,,
UN1651,2018-06-28,Sinar Sari - Room 5,Sinar Sari Bingin,1,,
UN1652,2018-06-30,Seno Guesthouse - Double 1,Seno Guesthouse,1,,
UN1653,2018-06-30,Seno Guesthouse - Double 2,Seno Guesthouse,1,,
UN1654,2018-06-30,Seno Guesthouse - Double 3,Seno Guesthouse,1,,
UN1655,2018-06-30,Seno Guesthouse - Double 4,Seno Guesthouse,1,,
UN1656,2018-06-30,Seno Guesthouse - Double 5,Seno Guesthouse,1,,
UN1657,2018-06-30,Seno Guesthouse - Double 6,Seno Guesthouse,1,,
UN1658,2018-06-30,Seno Guesthouse - Double 7,Seno Guesthouse,1,,
UN1659,2018-06-30,Seno Guesthouse - Double 8,Seno Guesthouse,1,,
UN1660,2018-06-30,Seno Guesthouse - Double 9,Seno Guesthouse,1,,
UN1661,2018-06-30,Seno Guesthouse - Double 10,Seno Guesthouse,1,,
UN1662,2018-06-30,Seno Guesthouse - Double 11,Seno Guesthouse,1,,
UN1663,2018-06-30,Seno Guesthouse - Double 12,Seno Guesthouse,1,,
UN1664,2018-06-30,Seno Guesthouse - Double 13,Seno Guesthouse,1,,
UN1665,2018-06-30,Seno Guesthouse - Twin 1,Seno Guesthouse,1,,
UN1666,2018-06-30,Seno Guesthouse - Twin 2,Seno Guesthouse,1,,
UN1667,2018-06-30,Seno Guesthouse - Twin 3,Seno Guesthouse,1,,
UN1668,2018-06-30,Seno Guesthouse - Twin 4,Seno Guesthouse,1,,
UN1669,2018-07-03,Villa Melasti Ungasan,Villa Melasti Ungasan,1,1,4
UN1670,,9 Nelayan - Water Cabin,9 Nelayan,,,